id,longitude,latitude,address
1,-80.6625164,35.1694453,"11304 HAWTHORNE DRIVE, MINT HILL, NORTH CAROLINA 28227"
2,-74.0335303,40.3655843,"813 RIVER ROAD, FAIR HAVEN, NEW JERSEY 07704"
3,-93.5001634,41.6022147,"1300 METRO EAST DRIVE, PLEASANT HILL, IOWA 50327"
4,-118.180039,33.995412,"3030 SOUTH ATLANTIC BOULEVARD, VERNON, CALIFORNIA 90058"
5,-118.0251706,33.8928458,"15221 CANARY AVENUE, LA MIRADA, CALIFORNIA 90638"
6,-75.2699887,39.8077418,"480 SOUTH DEMOCRAT ROAD, GIBBSTOWN, NEW JERSEY 08027"
7,-81.2924627,41.7142128,"9620 DIAMOND CENTER DRIVE, MENTOR, OHIO 44060"
8,-83.663623,41.588185,"1570 SOUTH REYNOLDS ROAD, MAUMEE, OHIO 43537"
9,-88.447462158197,43.7614964055252,"605 SOUTH MAIN STREET, FOND DU LAC, WISCONSIN 54935"
10,-118.450254,34.024124,"2643 CENTINELA AVENUE, SANTA MONICA, CALIFORNIA 90405"
11,-79.82504,35.698608,"731 WEST KIVETT STREET, ASHEBORO, NORTH CAROLINA 27203"
12,-80.331733,25.837596,"8265 NORTHWEST 70 STREET, MIAMI, FLORIDA 33166"
13,-80.1941841,25.8042921,"35 NORTHEAST 29 STREET, MIAMI, FLORIDA 33137"
14,-73.9770641478851,40.635237838822,"640 EAST 2 STREET, BROOKLYN, NEW YORK 11218"
15,-91.2483858,43.8186173,"700 NORTH 3 STREET, LA CROSSE, WISCONSIN 54601"
16,-86.2696799,44.2730833,"1570 SOUTH US HIGHWAY 31, MANISTEE, MICHIGAN 49660"
17,-71.222296,42.497689,"85 TERRACE HALL AVENUE, BURLINGTON, MASSACHUSETTS 01803"
18,-117.128661,32.723835,"1714 GROVE STREET, SAN DIEGO, CALIFORNIA 92102"
19,-84.3351312576721,33.8250866062318,"1570 SHERIDAN ROAD NORTHEAST, ATLANTA, GEORGIA 30324"
20,-99.7485018,40.7946709,"2100 NORTH ADAMS, LEXINGTON, NEBRASKA 68850"
21,-72.7896825,41.695604,"643 FARMINGTON AVENUE, NEW BRITAIN, CONNECTICUT 06053"
22,-88.1539787,42.0657203,"3100 WEST HIGGINS ROAD, HOFFMAN ESTATES, ILLINOIS 60169"
23,-81.0859251,29.1675267,"2900 BELLEVUE AVENUE, DAYTONA BEACH, FLORIDA 32124"
24,-122.935103,45.547322,"3085 NORTHEAST BROOKWOOD PARKWAY, HILLSBORO, OREGON 97124"
25,-98.4674473,29.591367,"1570 THOUSAND OAKS DRIVE, SAN ANTONIO, TEXAS 78232"
26,-88.3503517,41.676777,"4531 HIGHWAY 71, OSWEGO, ILLINOIS 60543"
27,-84.0866947,31.5789676,"262 CORDELE ROAD, ALBANY, GEORGIA 31705"
28,-77.4890171,37.5218126,"5001 FOREST HILL AVENUE, RICHMOND, VIRGINIA 23225"
29,-92.0772606,30.1783676,"5624 JOHNSTON STREET, LAFAYETTE, LOUISIANA 70503"
30,-81.4296588756409,35.1736182411102,"700 SOUTH BATTLEGROUND AVENUE, CLEVELAND, NORTH CAROLINA 28073"
31,-80.166915,26.2071432,"6682 NORTHWEST 16 TERRACE, FORT LAUDERDALE, FLORIDA 33309"
32,-117.6802129,34.1063841,"1570 WEST FOOTHILL BOULEVARD, UPLAND, CALIFORNIA 91786"
33,-88.1853129,41.7676735,"1570 WEST OGDEN AVENUE, NAPERVILLE, ILLINOIS 60540"
34,-121.6390115,37.1102516,"15700 MONTEREY STREET, MORGAN HILL, CALIFORNIA 95037"
35,-70.9228399,41.649304,"10 NORTH FRONT STREET, NEW BEDFORD, MASSACHUSETTS 02740"
36,-93.4797067,45.0249518,"15700 37 AVENUE NORTH, PLYMOUTH, MINNESOTA 55446"
37,-77.156801,39.112055,"15700 CRABBS BRANCH WAY, ROCKVILLE, MARYLAND 20855"
38,-104.802717,39.706725,"15700 EAST ALAMEDA PARKWAY, AURORA, COLORADO 80017"
39,-117.206842,33.894217,"15700 LASSELLE STREET, MORENO VALLEY, CALIFORNIA 92555"
40,-97.672713223962,30.4556942129862,"15700 LONG VISTA DRIVE, WELLS BRANCH, TEXAS 78728"
41,-83.2045101,42.4658586,"15700 PROVIDENCE DRIVE, SOUTHFIELD, MICHIGAN 48075"
42,-118.2643583,33.8889833,"15700 SOUTH AVALON BOULEVARD, COMPTON, CALIFORNIA 90220"
43,-87.639704,41.604277,"15700 SOUTH LATHROP, HARVEY, ILLINOIS 60426"
44,-81.8647213,26.5131735,"15700 SOUTH TAMIAMI TRAIL, BONITA SPRINGS, FLORIDA 33908"
45,-80.468877,27.018592,"15700 SOUTHWEST FARM ROAD, INDIANTOWN, FLORIDA 34956"
46,-105.1766179,39.725064,"15700 WEST 6 AVENUE, GOLDEN, COLORADO 80401"
47,-122.137009,37.681367,"15700 WASHINGTON AVENUE, SAN LORENZO, CALIFORNIA 94580"
48,-82.022235,35.016335,"9107 ASHEVILLE HIGHWAY, INMAN, SOUTH CAROLINA 29303"
49,-73.9991947,40.7221377,"504 BROADWAY, NEW YORK, NEW YORK 10012"
50,-77.8809065,34.2433187,"5040 MARKET STREET, WILMINGTON, NORTH CAROLINA 28405"
51,-79.9525808932541,35.9025751200351,"10002 SOUTH MAIN STREET, ARCHDALE, NORTH CAROLINA 27263"
52,-117.9430555,34.0371194,"15701 AMAR ROAD, LA PUENTE, CALIFORNIA 91744"
53,-73.993744,40.699021,"50 ORANGE STREET, BROOKLYN, NEW YORK 11201"
54,-87.6165116256561,41.7772885288784,"6415 SOUTH CALUMET AVENUE, CHICAGO, ILLINOIS 60637"
55,-122.1873029,47.7089924,"12112 115 AVENUE NORTHEAST, KIRKLAND, WASHINGTON 98034"
56,-122.2357734,47.5857172,"2737 77 AVENUE SOUTHEAST, MERCER ISLAND, WASHINGTON 98040"
57,-84.426252,33.844335,"3286 NORTHSIDE PARKWAY, ATLANTA, GEORGIA 30327"
58,-118.1160756,33.8957413,"15130 WOODRUFF AVENUE, BELLFLOWER, CALIFORNIA 90706"
59,-83.5017584,42.3980782,"15701 CENTENNIAL, NORTHVILLE, MICHIGAN 48168"
60,-118.116693,33.88267,"16628 WOODRUFF AVENUE, BELLFLOWER, CALIFORNIA 90706"
61,-118.120404,33.8850089,"16405 CORNUTA AVENUE, BELLFLOWER, CALIFORNIA 90706"
62,-118.12041,33.886822,"16221 CORNUTA AVENUE, BELLFLOWER, CALIFORNIA 90706"
63,-118.118029,33.886808,"16229 WOODRUFF AVENUE, BELLFLOWER, CALIFORNIA 90706"
64,-118.11915,33.886806,"16220 CORNUTA AVENUE, BELLFLOWER, CALIFORNIA 90706"
65,-118.1192311,33.8872178,"16208 CORNUTA AVENUE, BELLFLOWER, CALIFORNIA 90706"
66,-118.118009,33.887296,"16205 WOODRUFF AVENUE, BELLFLOWER, CALIFORNIA 90706"
67,-118.1178644,33.8858813,"16251 WOODRUFF AVENUE, BELLFLOWER, CALIFORNIA 90706"
68,-118.1157054,33.8962199,"15120 WOODRUFF AVENUE, BELLFLOWER, CALIFORNIA 90706"
69,-118.119053,33.886272,"16236 CORNUTA AVENUE, BELLFLOWER, CALIFORNIA 90706"
70,-76.9315554825256,39.1142851079763,"15701 OLD COLUMBIA PIKE, BURTONSVILLE, MARYLAND 20866"
71,-118.116701,33.883156,"16616 WOODRUFF AVENUE, BELLFLOWER, CALIFORNIA 90706"
72,-118.127952,33.891,"15712 RYON AVENUE, BELLFLOWER, CALIFORNIA 90706"
73,-122.0418822,37.9683369,"1531 DETROIT AVENUE, CONCORD, CALIFORNIA 94520"
74,-122.0375308,37.9691366,"1776 LAGUNA STREET, CONCORD, CALIFORNIA 94520"
75,-122.0630151,37.9279667,"2971 MAIN STREET, WALNUT CREEK, CALIFORNIA 94597"
76,-122.035891,37.963793,"1236 DETROIT AVENUE, CONCORD, CALIFORNIA 94520"
77,-122.036998,37.9707128,"1530 ELLIS STREET, CONCORD, CALIFORNIA 94520"
78,-122.1194678,37.6956548,"16183 ASHLAND AVENUE, SAN LEANDRO, CALIFORNIA 94580"
79,-122.1926049,47.696375,"11110 FORBES CREEK DRIVE, KIRKLAND, WASHINGTON 98033"
80,-82.4175916,28.0796056,"14547 BRUCE B DOWNS BOULEVARD, TAMPA, FLORIDA 33613"
81,-117.1560554,32.7140272,"900 F STREET, SAN DIEGO, CALIFORNIA 92101"
82,-73.9132659,40.828834,"1058 TELLER AVENUE, BRONX, NEW YORK 10456"
83,-71.252169,42.5249003,"900 MIDDLESEX TKPE, BILLERICA, MASSACHUSETTS 01821"
84,-83.9642143,33.8627882,"1142 ATHENS HIGHWAY, SNELLVILLE, GEORGIA 30078"
85,-73.876234,40.744453,"89 WHITNEY AVENUE, QUEENS, NEW YORK 11373"
86,-89.9901155523926,35.0877550484465,"2142 MEMPHIS DEPOT PARKWAY, MEMPHIS, TENNESSEE 38114"
87,-118.3138376,33.7984197,"24818 ESHELMAN AVENUE, LOMITA, CALIFORNIA 90717"
88,-157.83969,21.302219,"1326 MATLOCK AVENUE, HONOLULU, HAWAII 96814"
89,-73.9204755,40.8797506,"2390 PALISADE AVENUE, BRONX, NEW YORK 10463"
90,-122.784969,42.249357,"240 SUNCREST ROAD, TALENT, OREGON 97540"
91,-117.8362166,33.7785646,"1625 EAST FAIRWAY DRIVE, ORANGE, CALIFORNIA 92866"
92,-87.7750814,41.8941681,"737 NORTH AUSTIN BOULEVARD, CHICAGO, ILLINOIS 60644"
93,-73.9647448,40.7587591813077,"320 EAST 57 STREET, NEW YORK, NEW YORK 10022"
94,-95.6573867,29.7861092,"15701 PARK 10 PLACE, HOUSTON, TEXAS 77084"
95,-80.9587099,34.9442416,"1522 MEETING BOULEVARD, ROCK HILL, SOUTH CAROLINA 29730"
96,-93.407351046627,45.2063625692949,"2501 FAIROAK AVENUE, ANOKA, MINNESOTA 55303"
97,-80.1031613,26.3908624,"4855 TECHNOLOGY WAY, BOCA RATON, FLORIDA 33431"
98,-82.186789,28.254447,"38117 MARKET SQUARE, ZEPHYRHILLS, FLORIDA 33542"
99,-82.1886434,28.3529429,"13417 US HIGHWAY 301, DADE, FLORIDA 33525"
100,-118.3149165,33.8731193,"2039 ARTESIA BOULEVARD, TORRANCE, CALIFORNIA 90504"
101,-118.118039,33.883318,"16611 WOODRUFF AVENUE, BELLFLOWER, CALIFORNIA 90706"
102,-118.0973464,33.8944715,"11072 EXCELSIOR DRIVE, NORWALK, CALIFORNIA 90650"
103,-95.8126535,36.0458502,"1945 WEST HOUSTON STREET, BROKEN ARROW, OKLAHOMA 74012"
104,-75.1839546,39.9125192,"2015 PENROSE AVENUE, PHILADELPHIA, PENNSYLVANIA 19145"
105,-95.65941,29.721607,"3443 ADDICKS CLODINE ROAD, HOUSTON, TEXAS 77082"
106,-118.536019,34.049219,"16101 WEST SUNSET BOULEVARD, LOS ANGELES, CALIFORNIA 90272"
107,-110.2944149,31.5622876,"600 CHARLES DRIVE, SIERRA VISTA, ARIZONA 85635"
108,-81.6957524,28.5472406,"15701 STATE ROAD 50, CLERMONT, FLORIDA 34711"
109,-74.0022409,40.7325499,"9 BARROW STREET, NEW YORK, NEW YORK 10014"
110,-122.9079882,44.5174638,"300 SAND RIDGE COURT, LEBANON, OREGON 97355"
111,-84.8687314,32.5347784,"6210 FLAT ROCK ROAD, COLUMBUS, GEORGIA 31907"
112,-85.6309592,42.2136002,"3550 AUSTRIAN PINE WAY, PORTAGE, MICHIGAN 49024"
113,-87.6636762,42.0009351,"6526 NORTH LAKEWOOD AVENUE, CHICAGO, ILLINOIS 60626"
114,-118.4504096,34.1724203,"14543 BURBANK BOULEVARD, LOS ANGELES, CALIFORNIA 91411"
115,-118.291898,34.1759841,"1171 ALLEN AVENUE, GLENDALE, CALIFORNIA 91201"
116,-86.3704388,35.8390944,"1315 EAST CASTLE STREET, MURFREESBORO, TENNESSEE 37130"
117,-108.5572654,39.0768549,"1000 NORTH 9 STREET, GRAND JUNCTION, COLORADO 81501"
118,-87.6559012,41.9346166,"1050 WEST GEORGE STREET, CHICAGO, ILLINOIS 60657"
119,-95.5966294,29.7357364,"12225 WESTHEIMER ROAD, HOUSTON, TEXAS 77077"
120,-77.483238,38.21796,"4333 DAVENPORT ROAD, FREDERICKSBURG, VIRGINIA 22408"
121,-73.6527966,40.629141,"3340 LAWSON BOULEVARD, OCEANSIDE, NEW YORK 11572"
122,-121.2750113,38.6830894,"6380 DENTON WAY, CITRUS HEIGHTS, CALIFORNIA 95610"
123,-84.5848517423279,33.9980963467699,"1215 ERNEST WEST BARRETT PARKWAY, KENNESAW, GEORGIA 30144"
124,-77.918359,34.25509,"1502 NORTH 23 STREET, WILMINGTON, NORTH CAROLINA 28405"
125,-88.0361498,41.9281355,"10 NORTH MITCHELL COURT, ADDISON, ILLINOIS 60101"
126,-117.8360438,33.7356709,"15701 TUSTIN VILLAGE WAY, TUSTIN, CALIFORNIA 92780"
127,-80.452517,25.491473,"29601 SOUTHWEST 162 AVENUE, HOMESTEAD, FLORIDA 33033"
128,-120.3842004,37.9833623,"130 WEST STOCKTON STREET, SONORA, CALIFORNIA 95370"
129,-83.7780042,43.1766222,"5105 WEST VIENNA ROAD, CLIO, MICHIGAN 48420"
130,-118.3598713,33.8883022,"15701 CONDON AVENUE, LAWNDALE, CALIFORNIA 90260"
131,-117.4093778,34.1402827,"2223 NORTH LOCUST AVENUE, RIALTO, CALIFORNIA 92377"
132,-122.5796805,45.5096176,"8130 SOUTHEAST MILL STREET, PORTLAND, OREGON 97215"
133,-80.1584823,26.682268,"7089 HEMSTREET PLACE, WEST PALM BEACH, FLORIDA 33413"
134,-95.5953661,29.6318406,"1 KING ARTHURS COURT, SUGAR LAND, TEXAS 77478"
135,-118.3693873,34.1946566,"10919 VANOWEN STREET, LOS ANGELES, CALIFORNIA 91605"
136,-80.3557247986328,26.0093808820377,"15701 PINES BOULEVARD, PEMBROKE PINES, FLORIDA 33028"
137,-75.986499,40.357695,"2747 CENTURY BOULEVARD, READING, PENNSYLVANIA 19610"
138,-93.2401175,44.08555,"614 BRIDGE STREET, OWATONNA, MINNESOTA 55060"
139,-73.702189,40.638204,"1255 HEWLETT PLAZA, HEWLETT, NEW YORK 11557"
140,-117.9383303,34.106561,"15702 ARROW HIGHWAY, IRWINDALE, CALIFORNIA 91706"
141,-117.550528,34.055076,"910 SOUTH WANAMAKER AVENUE, ONTARIO, CALIFORNIA 91761"
142,-96.5945325,32.7887234,"118 US ROUTE 80, MESQUITE, TEXAS 75149"
143,-116.280204772949,43.5911750793457,"1492 SOUTH ENTERTAINMENT AVENUE, BOISE, IDAHO 83709"
144,-74.3034991,40.6575873,"123 NORTH UNION AVENUE, CRANFORD, NEW JERSEY 07016"
145,-117.05864,33.001933,"15703 BERNARDO HEIGHTS PARKWAY, SAN DIEGO, CALIFORNIA 92128"
146,-97.5277391,30.9623508,"1991 NORTH STAGECOACH ROAD, SOUTH BELL, TEXAS 76571"
147,-74.176167,40.5404089,"30 SNEDEN AVENUE, STATEN ISLAND, NEW YORK 10312"
148,-76.4139914,36.8238846,"4132 PORTSMOUTH BOULEVARD, CHESAPEAKE, VIRGINIA 23321"
149,-88.1087823,43.172387,"15760 APPLETON AVENUE, MENOMONEE FALLS, WISCONSIN 53051"
150,-122.1399071,37.7009879,"14400 WASHINGTON AVENUE, SAN LEANDRO, CALIFORNIA 94578"
151,-122.663424,38.268038,"1240 HOLM ROAD, PETALUMA, CALIFORNIA 94954"
152,-122.3827018,47.6449443,"2800 THORNDYKE AVENUE WEST, SEATTLE, WASHINGTON 98199"
153,-117.1299536,32.7289288,"2211 30 STREET, SAN DIEGO, CALIFORNIA 92104"
154,-71.1909286,42.362693,"124 WATERTOWN STREET, WATERTOWN, MASSACHUSETTS 02472"
155,-111.8915285,33.6271631,"15656 NORTH PIMA ROAD, SCOTTSDALE, ARIZONA 85260"
156,-83.850591,33.601485,"4159 MILL STREET, COVINGTON, GEORGIA 30014"
157,-84.304405,33.576171,"100 SANDLEWOOD DRIVE, MORROW, GEORGIA 30260"
158,-76.589309,36.708988,"115 DILL ROAD, SUFFOLK, VIRGINIA 23434"
159,-120.4832024,34.6593771,"2110 BRIAR CREEK WAY, LOMPOC, CALIFORNIA 93436"
160,-122.7044435,45.536113,"2561 NORTHWEST UPSHUR STREET, PORTLAND, OREGON 97210"
161,-120.612272,35.123005,"1534 BRIGHTON AVENUE, GROVER BEACH, CALIFORNIA 93433"
162,-118.2057793,33.8540018,"19516 SOUTH SUSANA ROAD, COMPTON, CALIFORNIA 90221"
163,-73.811624,40.728023,"157 72 AVENUE, QUEENS, NEW YORK 11365"
164,-73.605604,40.735552,"615 SOUTH STREET, GARDEN, NEW YORK 11530"
165,-106.912637,39.631581,"685 SPRING BUCK ROAD, GYPSUM, COLORADO 81637"
166,-88.1186908,43.2215708,"11237 WESTERN AVENUE, GERMANTOWN, WISCONSIN 53022"
167,-120.825652295107,44.3036077828839,"1773 NORTHEAST 3 STREET, PRINEVILLE, OREGON 97754"
168,-111.900276,40.728004,"1940 SOUTH 300 WEST, SALT LAKE, UTAH 84115"
169,-80.126648,26.311671,"508 SOUTH MILITARY TRAIL, DEERFIELD BEACH, FLORIDA 33442"
170,-118.2661346,34.0530957,"1234 WILSHIRE BOULEVARD, LOS ANGELES, CALIFORNIA 90017"
171,-81.866709,41.310808,"21819 ROYALTON ROAD, STRONGSVILLE, OHIO 44149"
172,-74.2629116,40.7477068,"10 NORTH RIDGEWOOD ROAD, SOUTH ORANGE, NEW JERSEY 07079"
173,-117.7192744,33.6344952,"15707 ROCKFIELD BOULEVARD, IRVINE, CALIFORNIA 92618"
174,-73.4771644,40.8144075,"8019 JERICHO TURNPIKE, WOODBURY, NEW YORK 11797"
175,-117.0587724,32.9326366,"11740 CREEK ROAD, POWAY, CALIFORNIA 92064"
176,-122.277807,37.787287,"2460 MARINER SQUARE LOOP, ALAMEDA, CALIFORNIA 94501"
177,-73.9856554,40.7484404,"350 5 AVENUE, NEW YORK, NEW YORK 10001"
178,-118.5908904,34.228929,"8735 INDEPENDENCE AVENUE, LOS ANGELES, CALIFORNIA 91304"
179,-80.5962649556809,28.0374748069152,"1571 ROBERT J CONLAN BOULEVARD NORTHEAST, PALM BAY, FLORIDA 32905"
180,-91.7065372,44.0721527,"110 GALEWSKI DRIVE, WINONA, MINNESOTA 55987"
181,-96.025767,41.338927,"7300 WORLD COMMUNICATIONS DRIVE, OMAHA, NEBRASKA 68122"
182,-74.5070549,40.3401528,"115 MELRICH ROAD, CRANBURY, NEW JERSEY 08512"
183,-74.403492,40.531762,"45 BRUNSWICK AVENUE, EDISON, NEW JERSEY 08817"
184,-74.1579434,40.6766705,"5 BAY AVENUE, ELIZABETH, NEW JERSEY 07201"
185,-74.1658834,40.6805351,"1201 CORBIN STREET, ELIZABETH, NEW JERSEY 07201"
186,-74.337452,40.5152293,"180 RARITAN CENTER PARKWAY, EDISON, NEW JERSEY 08837"
187,-74.3593888017136,40.5168921432626,"742 OLD POST ROAD, EDISON, NEW JERSEY 08817"
188,-104.8814274,39.7414647,"1571 BEELER STREET, AURORA, COLORADO 80010"
189,-74.3914523,40.5354441,"145 TALMADGE ROAD, EDISON, NEW JERSEY 08817"
190,-77.6810689,37.5133699,"401 LANCASTER GATE DRIVE, MIDLOTHIAN, VIRGINIA 23113"
191,-119.05555,35.3176178,"4851 WHITE LANE, BAKERSFIELD, CALIFORNIA 93313"
192,-81.068348,29.196985,"259 BILL FRANCE BOULEVARD, DAYTONA BEACH, FLORIDA 32114"
193,-117.627806,34.028955,"2405 SOUTH GROVE AVENUE, ONTARIO, CALIFORNIA 91761"
194,-119.692438,36.8089861,"1315 SHAW AVENUE, CLOVIS, CALIFORNIA 93611"
195,-118.1529489,34.6730907,"1220 WEST AVENUE K, LANCASTER, CALIFORNIA 93534"
196,-112.0243958,40.7041701,"4612 SOUTH 4000 WEST, WEST VALLEY, UTAH 84120"
197,-111.8238823,33.3919982,"347 EAST SOUTHERN AVENUE, MESA, ARIZONA 85210"
198,-111.8397906,33.4350271,"1130 NORTH COUNTRY CLUB DRIVE, MESA, ARIZONA 85201"
199,-117.8685752,33.7968868,"1571 BRADEN COURT, ORANGE, CALIFORNIA 92868"
200,-111.634846,33.416645,"9124 EAST MAIN STREET, PHOENIX, ARIZONA 85207"
201,-112.2013984,33.4797307,"6601 WEST THOMAS ROAD, PHOENIX, ARIZONA 85035"
202,-121.327568,38.6691924,"5625 MANZANITA AVENUE, CARMICHAEL, CALIFORNIA 95608"
203,-112.0807752,33.6396987,"555 WEST BELL ROAD, PHOENIX, ARIZONA 85023"
204,-117.156125,32.803112,"7705 LINDA VISTA ROAD, SAN DIEGO, CALIFORNIA 92111"
205,-117.8869725,33.7084033,"2860 SOUTH BRISTOL STREET, SANTA ANA, CALIFORNIA 92704"
206,-117.8850659,33.7067598,"3041 SOUTH BRISTOL STREET, SANTA ANA, CALIFORNIA 92704"
207,-117.8908516,33.6796265,"845 BAKER STREET, COSTA MESA, CALIFORNIA 92626"
208,-94.6477333,38.9560226,"5441 WEST 95 STREET, OVERLAND PARK, KANSAS 66207"
209,-112.221898018524,33.4689015554955,"2020 NORTH 75 AVENUE, PHOENIX, ARIZONA 85035"
210,-73.871152,40.838916,"1571 BRONX RIVER AVENUE, BRONX, NEW YORK 10460"
211,-117.920329,33.730517,"16031 HARBOR BOULEVARD, FOUNTAIN VALLEY, CALIFORNIA 92708"
212,-118.293263,34.176975,"1166 ELM AVENUE, GLENDALE, CALIFORNIA 91201"
213,-95.0751176,29.6957961,"10060 PORTER ROAD, LA PORTE, TEXAS 77571"
214,-77.5056581,38.3039583,"1571 CARL D SILVER PARKWAY, FREDERICKSBURG, VIRGINIA 22401"
215,-118.2113547,34.0146882,"3200 EAST WASHINGTON BOULEVARD, VERNON, CALIFORNIA 90058"
216,-81.6877145,30.3335078,"1780 WEST BEAVER STREET, JACKSONVILLE, FLORIDA 32204"
217,-76.338328,36.766072,"2700 TRADE STREET, CHESAPEAKE, VIRGINIA 23323"
218,-104.9020968,39.768294,"3700 QUEBEC STREET, DENVER, COLORADO 80207"
219,-104.900325986508,39.7658966468747,"7505 EAST 35 AVENUE, DENVER, COLORADO 80207"
220,-116.952982807271,32.7936185473742,"215 LINCOLN AVENUE, EL CAJON, CALIFORNIA 92020"
221,-117.3265696,33.9048505,"19310 JESSE LANE, RIVERSIDE, CALIFORNIA 92508"
222,-118.0164904,34.0715811,"11905 FERRIS ROAD, EL MONTE, CALIFORNIA 91732"
223,-76.6298561,39.1345019,"410 HIDDEN BROOK DRIVE, GLEN BURNIE, MARYLAND 21061"
224,-117.0961892,33.1314498,"640 WEST LINCOLN AVENUE, ESCONDIDO, CALIFORNIA 92026"
225,-76.925141,38.9083273,"1401 ELKWOOD LANE, CAPITOL HEIGHTS, MARYLAND 20743"
226,-75.2044203,39.8316454,"1571 GRANDVIEW AVENUE, PAULSBORO, NEW JERSEY 08066"
227,-86.6089949,36.016972,"1571 HEIL QUAKER BOULEVARD, LA VERGNE, TENNESSEE 37086"
228,-75.202125,39.830072,"1571 IMPERIAL WAY, PAULSBORO, NEW JERSEY 08066"
229,-74.0353109,40.209706,"10 NEPTUNE BOULEVARD, NEPTUNE, NEW JERSEY 07753"
230,-117.199819769242,33.0970257280648,"1571 SAN ELIJO ROAD, SAN MARCOS, CALIFORNIA 92078"
231,-84.5467434,39.2171751,"1571 WEST GALBRAITH ROAD, NORTH COLLEGE HILL, OHIO 45224"
232,-95.3308986423279,29.9466172482194,"15710 JOHN F KENNEDY BOULEVARD, HOUSTON, TEXAS 77032"
233,-121.959551,37.2402502,"15710 LOS GATOS BOULEVARD, LOS GATOS, CALIFORNIA 95032"
234,-118.27914,33.888725,"15711 SOUTH BROADWAY, COMPTON, CALIFORNIA 90248"
235,-80.4475848,25.6259437,"15711 SOUTHWEST 152 STREET, MIAMI, FLORIDA 33196"
236,-73.9484502,40.7888244,"1575 LEXINGTON AVENUE, NEW YORK, NEW YORK 10029"
237,-85.1555893,42.3446437,"1571 CAPITAL AVENUE NORTHEAST, BATTLE CREEK, MICHIGAN 49017"
238,-116.924147,32.786827,"1571 EAST WASHINGTON AVENUE, EL CAJON, CALIFORNIA 92019"
239,-149.8852596,61.1518084,"7545 FOXRIDGE WAY, ANCHORAGE, ALASKA 99518"
240,-93.361042,45.183418,"11750 TULIP STREET NORTHWEST, COON RAPIDS, MINNESOTA 55433"
241,-122.0802381,37.4090722,"1255 TERRA BELLA AVENUE, MOUNTAIN VIEW, CALIFORNIA 94043"
242,-79.8413928,36.0709316,"320 ASHLAND DRIVE, GREENSBORO, NORTH CAROLINA 27403"
243,-117.855454,34.128178,"634 EAST ROUTE 66, GLENDORA, CALIFORNIA 91740"
244,-87.5983223,41.810139,"1120 EAST 47 STREET, CHICAGO, ILLINOIS 60653"
245,-97.6019978,35.4460683,"1905 SOUTH MERIDIAN AVENUE, OKLAHOMA, OKLAHOMA 73108"
246,-93.357294,45.092858,"7601 ZANE AVENUE NORTH, BROOKLYN PARK, MINNESOTA 55443"
247,-122.496485,37.7749454,"739 36 AVENUE, SAN FRANCISCO, CALIFORNIA 94121"
248,-78.990168,35.002755,"2920 COSMO PLACE, FAYETTEVILLE, NORTH CAROLINA 28304"
249,-118.182830425656,34.6648548897477,"43021 30 STREET WEST, LANCASTER, CALIFORNIA 93536"
250,-97.468368,32.72657,"3236 HUNTER PARK CIRCLE, FORT WORTH, TEXAS 76116"
251,-84.3838916,33.8443062,"77 EAST ANDREWS DRIVE NORTHWEST, ATLANTA, GEORGIA 30305"
252,-118.1900199,33.83045,"3950 NORTH VIRGINIA ROAD, LONG BEACH, CALIFORNIA 90807"
253,-95.5322309,29.5319662,"8787 SIENNA SPRING BOULEVARD, MISSOURI, TEXAS 77459"
254,-87.624418,41.8622886,"1464 SOUTH MICHIGAN AVENUE, CHICAGO, ILLINOIS 60605"
255,-118.3000519,34.0667068,"418 SOUTH NORMANDIE AVENUE, LOS ANGELES, CALIFORNIA 90020"
256,-81.1317991,33.9116035,"125 SUNSET DRIVE, SOUTH CONGAREE, SOUTH CAROLINA 29172"
257,-73.9894056994057,40.7392536376486,"902 BROADWAY, NEW YORK, NEW YORK 10010"
258,-118.4037843,34.0307554,"3416 MANNING AVENUE, LOS ANGELES, CALIFORNIA 90064"
259,-118.444253,34.030972,"2433 BARRY AVENUE, LOS ANGELES, CALIFORNIA 90064"
260,-73.865238,40.691947,"86 77 STREET, QUEENS, NEW YORK 11421"
261,-118.5486987,34.2014864,"19055 SHERMAN WAY, LOS ANGELES, CALIFORNIA 91335"
262,-117.901634,34.136936,"506 EAST 9 STREET, AZUSA, CALIFORNIA 91702"
263,-80.187931508004,25.7742101089718,"2 BISCAYNE BOULEVARD, MIAMI, FLORIDA 33131"
264,-73.905872,40.690076,"1260 DECATUR STREET, BROOKLYN, NEW YORK 11207"
265,-122.0242052,36.969,"201 FRONT STREET, SANTA CRUZ, CALIFORNIA 95060"
266,-73.882993,40.882697,"3451 KNOX PLACE, BRONX, NEW YORK 10467"
267,-122.124097,47.616452,"16057 NORTHEAST 8 STREET, BELLEVUE, WASHINGTON 98008"
268,-122.234327,47.7564807,"17625 80 AVENUE NORTHEAST, KENMORE, WASHINGTON 98028"
269,-118.4244196,34.0177899,"3450 SAWTELLE BOULEVARD, LOS ANGELES, CALIFORNIA 90066"
270,-118.4590373,34.0475023,"1280 SOUTH BARRINGTON AVENUE, LOS ANGELES, CALIFORNIA 90025"
271,-81.2696661,28.4615,"7143 NARCOOSSEE ROAD, ORLANDO, FLORIDA 32822"
272,-81.3918701,28.311346,"2220 MICHIGAN AVENUE, KISSIMMEE, FLORIDA 34744"
273,-116.96169404107,32.8206188763638,"1571 MAGNOLIA AVENUE, EL CAJON, CALIFORNIA 92020"
274,-78.9030298,40.2909256,"1201 HEENEY AVENUE, JOHNSTOWN, PENNSYLVANIA 15904"
275,-122.8713894,38.6103734,"25 MATHESON STREET, HEALDSBURG, CALIFORNIA 95448"
276,-78.3815064,36.3203526,"1419 EAST ANDREWS AVENUE, HENDERSON, NORTH CAROLINA 27536"
277,-78.1819890370483,36.4353579519098,"1206 BUSINESS US HIGHWAY 158, NORLINA, NORTH CAROLINA 27563"
278,-77.3806049509956,37.2010170436455,"2120 SOUTH CRATER ROAD, PETERSBURG, VIRGINIA 23805"
279,-80.0913076,35.8974324,"900 WEST COOKSEY DRIVE, THOMASVILLE, NORTH CAROLINA 27360"
280,-117.9365382,34.107691,"15715 EAST ARROW HIGHWAY, IRWINDALE, CALIFORNIA 91706"
281,-96.6477261,32.8580977,"1201 WEST CENTERVILLE ROAD, GARLAND, TEXAS 75041"
282,-96.938295,32.871207,"5215 NORTH 0 CONNER BOULEVARD, IRVING, TEXAS 75039"
283,-97.0229254,32.9594448,"650 SOUTH ROYAL LANE, COPPELL, TEXAS 75019"
284,-120.9752097,37.6750559,"2200 COFFEE ROAD, MODESTO, CALIFORNIA 95355"
285,-121.9018598,37.4095532,"1466 SOUTH MAIN STREET, MILPITAS, CALIFORNIA 95035"
286,-74.3782643,40.809827,"180 STATE ROUTE 10, EAST HANOVER, NEW JERSEY 07936"
287,-87.222227,30.482976,"5912 NORTH DAVIS HIGHWAY, PENSACOLA, FLORIDA 32503"
288,-120.938529971689,37.6655841472434,"1500 LAKEWOOD AVENUE, MODESTO, CALIFORNIA 95355"
289,-116.9992624,46.7313946,"220 EAST 5 STREET, MOSCOW, IDAHO 83843"
290,-118.003362,34.118262,"2540 PECK ROAD, DUARTE, CALIFORNIA 91016"
291,-122.3496347,47.6148662,"2519 1 AVENUE, SEATTLE, WASHINGTON 98121"
292,-122.247663,47.421673,"6906 SOUTH 204 STREET, KENTUCKY, WASHINGTON 98032"
293,-81.6620874,30.3310935,"412 WEST CHURCH STREET, JACKSONVILLE, FLORIDA 32202"
294,-81.6101439,28.5490316,"15122 WEST COLONIAL DRIVE, WINTER GARDEN, FLORIDA 34787"
295,-122.6643288,45.5335981,"1441 NORTHEAST 2 AVENUE, PORTLAND, OREGON 97232"
296,-81.488256,28.349533,"15715 SOUTH APOPKA VINELAND ROAD, ORLANDO, FLORIDA 32837"
297,-118.5279492,34.2620397,"10535 LINDLEY AVENUE, LOS ANGELES, CALIFORNIA 91326"
298,-118.0958201,33.894311,"11132 EXCELSIOR DRIVE, NORWALK, CALIFORNIA 90650"
299,-96.8833796,32.8043287,"4812 TOP LINE DRIVE, DALLAS, TEXAS 75247"
300,-76.8360824584961,39.1710929870605,"9420 GERWIG LANE, COLUMBIA, MARYLAND 21046"
301,-80.299412,25.904132,"14300 NORTHWEST 60 AVENUE, MIAMI LAKES, FLORIDA 33014"
302,-73.951806,40.712991,"421 UNION AVENUE, BROOKLYN, NEW YORK 11211"
303,-121.4086199,37.7434255,"1380 NORTH MACARTHUR AVENUE, TRACY, CALIFORNIA 95304"
304,-83.3389699867554,40.2391082207592,"15791 US HIGHWAY 36, MARYSVILLE, OHIO 43040"
305,-121.2247012,38.6799487,"6244 HAZEL AVENUE, ORANGEVALE, CALIFORNIA 95662"
306,-76.977608,38.847077,"1822 SAVANNAH STREET SOUTHEAST, WASHINGTON, DISTRICT OF COLUMBIA 20020"
307,-122.3096526,47.6160481,"1700 EAST MADISON STREET, SEATTLE, WASHINGTON 98122"
308,-76.695492,39.985341,"164 CAMELOT ARMS, YORK, PENNSYLVANIA 17406"
309,-77.5872841,35.2436472,"1382 HIGHWAY 258 S, KINSTON, NORTH CAROLINA 28504"
310,-76.5384257,40.0172582,"37 TRAVIS CIRCLE, WRIGHTSVILLE, PENNSYLVANIA 17368"
311,-71.078608,42.3508631,"157 NEWBURY STREET, BOSTON, MASSACHUSETTS 02116"
312,-76.6199421,39.1436819,"7779 NEW YORK LANE, GLEN BURNIE, MARYLAND 21061"
313,-86.6918284,34.7543696,"470 PROVIDENCE MAIN STREET, HUNTSVILLE, ALABAMA 35806"
314,-86.6702815,31.8917813,"693 SHERLING LAKE ROAD, GREENVILLE, ALABAMA 36037"
315,-118.0237741,33.8820173,"14419 FIRESTONE BOULEVARD, LA MIRADA, CALIFORNIA 90638"
316,-122.0339652,37.3254121,"20625 ALVES DRIVE, CUPERTINO, CALIFORNIA 95014"
317,-88.029467,41.996324,"1031 CHARLELA LANE, ELK GROVE VILLAGE, ILLINOIS 60007"
318,-71.2592313,42.3773295,"157 OVERLAND ROAD, WALTHAM, MASSACHUSETTS 02451"
319,-96.6209161,32.8370417,"5651 NORTHWEST DRIVE, MESQUITE, TEXAS 75150"
320,-81.5651,41.39289,"700 TURNEY ROAD, BEDFORD, OHIO 44146"
321,-96.698662,32.9721883,"1778 NORTH PLANO ROAD, RICHARDSON, TEXAS 75081"
322,-76.952646,38.968891,"6506 AMERICA BOULEVARD, HYATTSVILLE, MARYLAND 20782"
323,-76.952738,38.968581,"6500 AMERICA BOULEVARD, HYATTSVILLE, MARYLAND 20782"
324,-122.421053,37.7573347,"969 VALENCIA STREET, SAN FRANCISCO, CALIFORNIA 94110"
325,-117.1973552,34.0548332,"1075 WEST STATE STREET, REDLANDS, CALIFORNIA 92373"
326,-76.95129,38.968637,"6501 AMERICA BOULEVARD, HYATTSVILLE, MARYLAND 20782"
327,-72.4810849,41.8871982,"157 PINNEY STREET, ELLINGTON, CONNECTICUT 06029"
328,-96.8684808,32.6555,"7575 CHAUCER PLACE, DALLAS, TEXAS 75237"
329,-123.104782,45.524246,"2331 23 AVENUE, FOREST GROVE, OREGON 97116"
330,-79.3482439,42.453986,"70 BRIGHAM ROAD, FREDONIA, NEW YORK 14063"
331,-81.0339289,34.0033604,"1320 MAIN STREET, COLUMBIA, SOUTH CAROLINA 29201"
332,-122.705975,38.343956,"333 ENTERPRISE DRIVE, ROHNERT PARK, CALIFORNIA 94928"
333,-73.985373,40.720932,"157 SUFFOLK STREET, NEW YORK, NEW YORK 10002"
334,-121.438861,38.502451,"5505 SKY PARKWAY, SACRAMENTO, CALIFORNIA 95823"
335,-86.607559,30.4185111,"99 EGLIN PARKWAY, FORT WALTON BEACH, FLORIDA 32548"
336,-93.3478733,44.8575884,"3900 AMERICAN BOULEVARD WEST, MINNEAPOLIS, MINNESOTA 55437"
337,-79.9361464,32.7885025,"345 MEETING STREET, CHARLESTON, SOUTH CAROLINA 29403"
338,-86.4320875,35.8524862,"325 NORTH THOMPSON LANE, MURFREESBORO, TENNESSEE 37129"
339,-76.617821,39.149172,"100 MARY LANE, GLEN BURNIE, MARYLAND 21061"
340,-118.5770295,34.2016587,"20355 SHERMAN WAY, LOS ANGELES, CALIFORNIA 91306"
341,-118.475555,34.208096,"15716 SATICOY STREET, LOS ANGELES, CALIFORNIA 91406"
342,-85.1138176,33.563923,"180 MAPLE CROSSING, CARROLLTON, GEORGIA 30117"
343,-84.877191,33.440806,"2005 WEST HIGHWAY 16, NEWNAN, GEORGIA 30275"
344,-84.7935732,33.3995249,"487 JACKSON STREET, NEWNAN, GEORGIA 30263"
345,-73.9930667,40.7542902,"312 WEST 37 STREET, NEW YORK, NEW YORK 10018"
346,-118.2057737,34.040769,"2750 EAST 1 STREET, LOS ANGELES, CALIFORNIA 90033"
347,-118.3282337,33.9441382,"3200 WEST CENTURY BOULEVARD, INGLEWOOD, CALIFORNIA 90303"
348,-118.1015724,33.9183739,"10901 IMPERIAL HIGHWAY, NORWALK, CALIFORNIA 90650"
349,-73.9602127,40.7722357,"157 EAST 75 STREET, NEW YORK, NEW YORK 10021"
350,-117.9094022,34.0816079,"615 NORTH AZUSA AVENUE, WEST COVINA, CALIFORNIA 91791"
351,-121.3528877,38.6165315,"4808 MARCONI AVENUE, SACRAMENTO, CALIFORNIA 95608"
352,-79.9356222,32.7878674,"337 MEETING STREET, CHARLESTON, SOUTH CAROLINA 29403"
353,-82.515922,35.5304069,"800 WEDGEWOOD LANE, ASHEVILLE, NORTH CAROLINA 28803"
354,-71.2089151,42.4826386,"10 NEW ENGLAND EXECUTIVE PARK, BURLINGTON, MASSACHUSETTS 01803"
355,-122.2193952,47.202664,"15716 MAIN STREET EAST, SUMNER, WASHINGTON 98390"
356,-96.30147,30.595276,"2302 LONGMIRE DRIVE, COLLEGE STATION, TEXAS 77845"
357,-95.0873117,29.6988644,"10001 PORTER ROAD, LA PORTE, TEXAS 77571"
358,-95.077954,29.698725,"10057 PORTER ROAD, LA PORTE, TEXAS 77571"
359,-95.5664029,29.846264,"10810 TRAIN COURT, HOUSTON, TEXAS 77041"
360,-95.566436,29.845263,"10811 TRAIN COURT, HOUSTON, TEXAS 77041"
361,-95.0972116,29.7034632,"1102 HALL COURT, DEER PARK, TEXAS 77571"
362,-95.0971973,29.702645,"1150 HALL COURT, DEER PARK, TEXAS 77571"
363,-95.0960436,29.7010881,"1251 HALL COURT, DEER PARK, TEXAS 77571"
364,-95.0969416,29.7042235,"950 HALL COURT, DEER PARK, TEXAS 77571"
365,-77.825301,39.604863,"15717 CLEAR SPRING ROAD, WILLIAMSPORT, MARYLAND 21795"
366,-95.5776957,29.8522333,"5805 THOMAS ROAD, HOUSTON, TEXAS 77041"
367,-95.5774384,29.8520428,"5823 THOMAS ROAD, HOUSTON, TEXAS 77041"
368,-95.577611,29.853731,"5901 THOMAS ROAD, HOUSTON, TEXAS 77041"
369,-95.578501,29.853668,"5905 THOMAS ROAD, HOUSTON, TEXAS 77041"
370,-96.854281,32.8040362,"1223 SECURITY DRIVE, DALLAS, TEXAS 75247"
371,-95.527406,29.9587651,"12339 CUTTEN ROAD, HOUSTON, TEXAS 77066"
372,-95.0955579,29.7010926,"1250 CLAY COURT, DEER PARK, TEXAS 77571"
373,-95.1405648,29.7017315,"1740 WEST 13 STREET, DEER PARK, TEXAS 77536"
374,-77.0395999,38.933619,"3322 MOUNT PLEASANT STREET NORTHWEST, WASHINGTON, DISTRICT OF COLUMBIA 20010"
375,-95.141657,29.7018955,"1800 WEST 13 STREET, DEER PARK, TEXAS 77536"
376,-80.447624,25.625439,"15717 SOUTHWEST 152 STREET, MIAMI, FLORIDA 33196"
377,-95.6725975,29.8140189,"18000 GROESCHKE ROAD, HOUSTON, TEXAS 77084"
378,-95.551068,29.846804,"5502 CLARA ROAD, HOUSTON, TEXAS 77041"
379,-95.55201,29.846215,"5504 CLARA ROAD, HOUSTON, TEXAS 77041"
380,-95.5509829,29.8465464,"5512 CLARA ROAD, HOUSTON, TEXAS 77041"
381,-93.9791733,29.9473717,"7601 9 AVENUE, PORT ARTHUR, TEXAS 77642"
382,-93.9784658,29.9484909,"8101 HONEYWOOD TRAIL, PORT ARTHUR, TEXAS 77642"
383,-86.6074734,30.4697012,"2113 LEWIS TURNER BOULEVARD, FORT WALTON BEACH, FLORIDA 32547"
384,-111.902474,40.658338,"5201 SOUTH GREEN STREET, MURRAY, UTAH 84123"
385,-81.8808154,26.5920459,"4757 BARKLEY CIRCLE, FORT MYERS, FLORIDA 33907"
386,-82.2316414,34.8647007,"9 SHELTER DRIVE, GREENVILLE, SOUTH CAROLINA 29650"
387,-96.8653694,32.9542403,"2615 EAST BELT LINE, CARROLLTON, TEXAS 75006"
388,-73.5728188,40.7148323,"325 MERRICK AVENUE, EAST MEADOW, NEW YORK 11554"
389,-97.826986,30.163595,"10601 MANCHACA ROAD, AUSTIN, TEXAS 78748"
390,-85.671258,42.993826,"1661 MONROE AVENUE NORTHWEST, GRAND RAPIDS, MICHIGAN 49505"
391,-122.2917225,38.2808795,"1525 WEST IMOLA AVENUE, NAPA, CALIFORNIA 94559"
392,-81.6896717,27.9972923,"5535 CYPRESS GARDENS BOULEVARD, CYPRESS GARDENS, FLORIDA 33884"
393,-78.877384,42.891305,"234 DELAWARE AVENUE, BUFFALO, NEW YORK 14202"
394,-75.0827714,40.1934055,"65 STEAMBOAT DRIVE, WARMINSTER, PENNSYLVANIA 18974"
395,-121.550817,36.986879,"5860 OBATA WAY, GILROY, CALIFORNIA 95020"
396,-118.487846,34.031103,"1041 17 STREET, SANTA MONICA, CALIFORNIA 90403"
397,-80.134327,26.239669,"930 NORTHWEST 9 AVENUE, POMPANO BEACH, FLORIDA 33060"
398,-122.6429479,38.2394711,"414 PETALUMA BOULEVARD NORTH, PETALUMA, CALIFORNIA 94952"
399,-112.2128511,33.458011,"890 NORTH 71 AVENUE, PHOENIX, ARIZONA 85043"
400,-82.0594348,33.5177093,"229 FURYS FERRY ROAD, AUGUSTA, GEORGIA 30907"
401,-118.1228379,33.8907493,"15719 EUCALYPTUS AVENUE, BELLFLOWER, CALIFORNIA 90706"
402,-82.3260976,27.8530142,"10110 US HIGHWAY 301 S, RIVERVIEW, FLORIDA 33569"
403,-80.8357024,35.3670137,"10510 TWIN LAKE PARKWAY, CHARLOTTE, NORTH CAROLINA 28269"
404,-90.2119406,38.6463725,"1615 NORTH 25 STREET, SAINT LOUIS, MISSOURI 63106"
405,-97.6329572821396,30.4018624555575,"1900 EAST HOWARD, AUSTIN, TEXAS 78660"
406,-95.507,29.8454,"5301 HOLLISTER STREET, HOUSTON, TEXAS 77040"
407,-120.628605,35.1215236,"204 WEST GRAND AVENUE, GROVER BEACH, CALIFORNIA 93433"
408,-117.728481,33.631631,"9828 RESEARCH DRIVE, IRVINE, CALIFORNIA 92618"
409,-73.6158822724915,40.7465807897672,"157 GLEN COVE ROAD, CARLE PLACE, NEW YORK 11514"
410,-105.0746633,40.5866578,"221 EAST MOUNTAIN AVENUE, FORT COLLINS, COLORADO 80524"
411,-104.7076687,38.6756736,"420 ROYALTY PLACE, FOUNTAIN, COLORADO 80817"
412,-95.4552360294304,29.6824050830195,"4605 NORTH BRAESWOOD, HOUSTON, TEXAS 77096"
413,-117.5878857,33.8818855,"1251 DORIS LANE, CORONA, CALIFORNIA 92882"
414,-98.5171159,33.9634444,"1701 PEARLIE DRIVE, WICHITA FALLS, TEXAS 76306"
415,-83.6433345,41.0669238,"2311 MASSILLON STREET, FINDLAY, OHIO 45840"
416,-91.6851427,35.2525678,"3668 FERREN TRAIL, SEARCY, ARKANSAS 72143"
417,-70.7067676,41.9440561,"71 CARVER ROAD, PLYMOUTH, MASSACHUSETTS 02360"
418,-87.6529947,41.9649364,"915 WEST WILSON, CHICAGO, ILLINOIS 60640"
419,-121.139184,38.672656,"BUILDING J 1743 CREEKSIDE DRIVE, FOLSOM, CALIFORNIA 95630"
420,-73.7158275,41.0683808,"10 NEW KING STREET, PURCHASE, NEW YORK 10604"
421,-80.1698663840614,25.9500517528416,"1572 NORTHEAST 191 STREET, MIAMI, FLORIDA 33179"
422,-71.32715,42.118562,"3 LIBERTY LANE, NORFOLK, MASSACHUSETTS 02056"
423,-95.2964231,29.6427843,"8400 VILLA DRIVE, HOUSTON, TEXAS 77061"
424,-87.8642446232788,41.8753243094848,"950 SOUTH 25 AVENUE, BELLWOOD, ILLINOIS 60104"
425,-84.6104329,34.04771,"4100 JILES ROAD, KENNESAW, GEORGIA 30144"
426,-93.5962176,41.6642126,"1572 NORTHEAST 58 AVENUE, DES MOINES, IOWA 50313"
427,-116.336805,43.59099,"12400 WEST OVERLAND ROAD, BOISE, IDAHO 83642"
428,-85.6835603,42.9777832,"600 7 STREET NORTHWEST, GRAND RAPIDS, MICHIGAN 49504"
429,-122.417123,45.5035936,"1572 NORTHEAST BURNSIDE ROAD, GRESHAM, OREGON 97030"
430,-70.8835168,42.1673947,"55 ACCORD PARK DRIVE, NORWELL, MASSACHUSETTS 02061"
431,-98.5976545,29.5535098,"5903 NORTHWEST PARKWAY, SAN ANTONIO, TEXAS 78249"
432,-118.168022155762,33.92919921875,"10920 GARFIELD AVENUE, SOUTH GATE, CALIFORNIA 90280"
433,-87.6695213,41.8491369,"2357 SOUTH WOOD STREET, CHICAGO, ILLINOIS 60608"
434,-98.5345281,29.4713906567729,"140 BABCOCK ROAD, SAN ANTONIO, TEXAS 78201"
435,-117.883955,33.6631204,"1572 ORCHARD, NEWPORT BEACH, CALIFORNIA 92660"
436,-80.0799605,26.7246598,"1572 PALM BEACH LAKE BOULEVARD, WEST PALM BEACH, FLORIDA 33401"
437,-84.2074738,32.0716638,"1602 EAST FORSYTH STREET, AMERICUS, GEORGIA 31709"
438,-72.7405455,41.8324171,"20 MOUNTAIN AVENUE, BLOOMFIELD, CONNECTICUT 06002"
439,-78.74461,33.798343,"4898 HIGHWAY 17 S, NORTH MYRTLE BEACH, SOUTH CAROLINA 29582"
440,-88.3598899,43.07749,"700 WEST NORTH SHORE DRIVE, HARTLAND, WISCONSIN 53029"
441,-80.8521231,35.059265,"15720 JOHN J DELANEY DRIVE, CHARLOTTE, NORTH CAROLINA 28277"
442,-95.8950091,36.0964684,"7418 EAST 46 PLACE, TULSA, OKLAHOMA 74145"
443,-94.1925089,30.1363045,"6105 NORTH MAJOR DRIVE, BEAUMONT, TEXAS 77713"
444,-73.892531,40.821209,"940 SIMPSON STREET, BRONX, NEW YORK 10459"
445,-122.740921,38.481135,"1163 HOPPER AVENUE, SANTA ROSA, CALIFORNIA 95403"
446,-122.3827596,40.5582015,"6550 WYNDHAM DRIVE, REDDING, CALIFORNIA 96001"
447,-118.2515635,33.776945,"901 EAST EAST STREET, LOS ANGELES, CALIFORNIA 90744"
448,-95.6573801,29.7899425,"15720 PARK ROW, HOUSTON, TEXAS 77084"
449,-73.97562,40.787309,"520 AMSTERDAM AVENUE, NEW YORK, NEW YORK 10024"
450,-121.398532,38.6135962,"2700 CASTLE HILL COURT, SACRAMENTO, CALIFORNIA 95821"
451,-117.073541,32.770377,"5679 MONTEZUMA ROAD, SAN DIEGO, CALIFORNIA 92115"
452,-77.1924632,39.1184563,"9319 GAITHER ROAD, GAITHERSBURG, MARYLAND 20877"
453,-76.2824078,36.8531854,"549 EAST BRAMBLETON AVENUE, NORFOLK, VIRGINIA 23510"
454,-104.8896259,39.5995982,"6400 SOUTH FIDDLERS GREEN CIRCLE, GREENWOOD VILLAGE, COLORADO 80111"
455,-117.0706414,33.0505999,"18605 CAMINITO CANTILENA, SAN DIEGO, CALIFORNIA 92128"
456,-122.614729,48.8991463,"6980 SALASHAN PARKWAY, FERNDALE, WASHINGTON 98248"
457,-117.2113597,32.8682429,"8929 LOMBARD PLACE, SAN DIEGO, CALIFORNIA 92122"
458,-87.92137,42.0695369,"900 CENTENNIAL DRIVE, MOUNT PROSPECT, ILLINOIS 60056"
459,-87.9218742,42.0702113,"900 EAST ARDYCE LANE, MOUNT PROSPECT, ILLINOIS 60056"
460,-87.8265552,42.4429947,"2815 ELISHA AVENUE, ZION, ILLINOIS 60099"
461,-88.1799691,42.3979336,"45 ERNEST AVENUE, FOX LAKE, ILLINOIS 60020"
462,-88.0654536,41.8784038,"520 FOREST AVENUE, GLEN ELLYN, ILLINOIS 60137"
463,-90.6608358,40.4563301,"900 EAST JEFFERSON STREET, MACOMB, ILLINOIS 61455"
464,-88.730277,41.944424,"1600 NORTH 14 STREET, DE KALB, ILLINOIS 60115"
465,-87.6277508,40.1790593,"3535 NORTH VERMILION STREET, DANVILLE, ILLINOIS 61832"
466,-117.1616878,32.8026965,"7366 MESA COLLEGE DRIVE, SAN DIEGO, CALIFORNIA 92111"
467,-122.430548,37.779378,"1201 GOLDEN GATE AVENUE, SAN FRANCISCO, CALIFORNIA 94115"
468,-73.952751,40.770063,"425 EAST 76 STREET, NEW YORK, NEW YORK 10075"
469,-75.3222913,39.8915973,"900 MACDADE BOULEVARD, FOLSOM, PENNSYLVANIA 19033"
470,-76.6446064,39.3552141,"94 CROSS KEYS ROAD, BALTIMORE, MARYLAND 21210"
471,-75.3110162,39.8882759,"1200 LINCOLN AVENUE, PROSPECT PARK, PENNSYLVANIA 19076"
472,-73.987842,40.7288382,"133 2 AVENUE, NEW YORK, NEW YORK 10003"
473,-75.3117451,39.8894708,"1320 LINCOLN AVENUE, PROSPECT PARK, PENNSYLVANIA 19076"
474,-75.3132997969242,39.8926749022904,"1637 LINCOLN AVENUE, PROSPECT PARK, PENNSYLVANIA 19076"
475,-75.3119978,39.8850194,"912 11 AVENUE, PROSPECT PARK, PENNSYLVANIA 19076"
476,-71.1142936,42.481015,"100 UNICORN PARK DRIVE, WOBURN, MASSACHUSETTS 01801"
477,-80.3425955,25.6244789,"15725 SOUTH DIXIE HIGHWAY, MIAMI, FLORIDA 33157"
478,-122.34741,47.744395,"15725 WESTMINSTER WAY NORTH, SHORELINE, WASHINGTON 98133"
479,-117.058505,33.00353,"15727 BERNARDO HEIGHTS PARKWAY, SAN DIEGO, CALIFORNIA 92128"
480,-95.5656628,30.0000594,"15727 CUTTEN ROAD, HOUSTON, TEXAS 77070"
481,-86.7371678,33.6368193,"1573 STERLITE DRIVE, BIRMINGHAM, ALABAMA 35215"
482,-111.900033,33.6288399,"15730 NORTH 83 WAY, SCOTTSDALE, ARIZONA 85260"
483,-74.3337608367706,40.8621620110901,"10 NEW MAPLE AVENUE, PINE BROOK, NEW JERSEY 07058"
484,-93.4962804,45.0344253,"15730 ROCKFORD ROAD, PLYMOUTH, MINNESOTA 55446"
485,-94.7686229,38.9459121,"15731 WEST 100 TERRACE, LENEXA, KANSAS 66219"
486,-93.3050921,45.2498654,"1573 154 AVENUE, ANDOVER, MINNESOTA 55304"
487,-80.8521871042992,35.0574730942413,"15735 JOHN J DELANEY DRIVE, CHARLOTTE, NORTH CAROLINA 28277"
488,-118.4762054,34.2089207,"15735 SATICOY STREET, LOS ANGELES, CALIFORNIA 91406"
489,-118.476286326389,34.1936366943671,"15736 VANOWEN STREET, LOS ANGELES, CALIFORNIA 91406"
490,-118.6045488,34.2414903,"9420 TOPANGA CANYON BOULEVARD, LOS ANGELES, CALIFORNIA 91311"
491,-94.7687316,38.926605,"15737 COLLEGE BOULEVARD, LENEXA, KANSAS 66219"
492,-78.6621404375733,35.7896351819988,"2128 CLARK AVENUE, RALEIGH, NORTH CAROLINA 27605"
493,-117.143415,32.753165,"4153 FLORIDA STREET, SAN DIEGO, CALIFORNIA 92104"
494,-118.8939205,34.2803075,"5155 GOLDMAN AVENUE, MOORPARK, CALIFORNIA 93021"
495,-70.9830873,42.5575426,"10 NEWBURY STREET, DANVERS, MASSACHUSETTS 01923"
496,-118.4142279,34.0290982,"3230 OVERLAND AVENUE, LOS ANGELES, CALIFORNIA 90034"
497,-75.2825629,39.8712129,"410 SOUTH GOVERNOR PRINTZ BOULEVARD, TINICUM, PENNSYLVANIA 19029"
498,-118.445452,34.16431,"14360 MAGNOLIA BOULEVARD, LOS ANGELES, CALIFORNIA 91423"
499,-75.3067109,39.876494,"1000 DARBY ROAD, PROSPECT PARK, PENNSYLVANIA 19076"
500,-75.2936376,39.8960653,"400 CHESTER PIKE, GLENOLDEN, PENNSYLVANIA 19036"
501,-122.05891404418,38.2612450218709,"1600 GATEWAY BOULEVARD, FAIRFIELD, CALIFORNIA 94533"
502,-118.536684,34.2117676,"7749 RESEDA BOULEVARD, LOS ANGELES, CALIFORNIA 91335"
503,-96.0595313,41.2800131,"9415 CADY AVENUE, OMAHA, NEBRASKA 68134"
504,-121.5670909,39.5029385,"675 MITCHELL AVENUE, OROVILLE, CALIFORNIA 95965"
505,-121.344332,38.665745,"5450 KOHLER AVENUE, NORTH HIGHLANDS, CALIFORNIA 95841"
506,-118.301207,34.096268,"5118 DE LONGPRE AVENUE, LOS ANGELES, CALIFORNIA 90029"
507,-118.281707,34.064288,"450 SOUTH LANE FAYETTE PARK PLACE, LOS ANGELES, CALIFORNIA 90057"
508,-121.3813814,38.7016313,"7415 LARCHMONT DRIVE, NORTH HIGHLANDS, CALIFORNIA 95660"
509,-118.4146599,34.026409,"10751 ROSE AVENUE, LOS ANGELES, CALIFORNIA 90034"
510,-118.335973,34.093628,"1234 NORTH LAS PALMAS AVENUE, LOS ANGELES, CALIFORNIA 90038"
511,-73.990019,40.627076,"1574 56 STREET, BROOKLYN, NEW YORK 11219"
512,-76.659622,39.9814719,"50 EISENHOWER DRIVE, YORK, PENNSYLVANIA 17402"
513,-77.1475625,40.2306611,"1164 HARRISBURG PIKE, CARLISLE, PENNSYLVANIA 17013"
514,-117.852559,33.6841778,"1920 MAIN STREET, IRVINE, CALIFORNIA 92614"
515,-87.657455,42.003366,"1039 WEST NORTH SHORE AVENUE, CHICAGO, ILLINOIS 60626"
516,-93.025325,44.9603737,"2250 6 STREET, SAINT PAUL, MINNESOTA 55106"
517,-105.013583,39.615999,"5558 SOUTH HILL STREET, LITTLETON, COLORADO 80120"
518,-75.238745,40.0058681,"121 MONTGOMERY AVENUE, LOWER MERION, PENNSYLVANIA 19004"
519,-108.553226,39.0994979,"3505 NORTH 12 STREET, GRAND JUNCTION, COLORADO 81506"
520,-116.966199,33.763908,"974 WOOLEY STREET, HEMET, CALIFORNIA 92543"
521,-83.3208,30.849,"1574 BAYTREE ROAD, VALDOSTA, GEORGIA 31602"
522,-118.442633,34.054375,"1409 MIDVALE AVENUE, LOS ANGELES, CALIFORNIA 90024"
523,-117.2354578,32.7905867,"3880 SHASTA STREET, SAN DIEGO, CALIFORNIA 92109"
524,-121.9416613,37.4127305,"163 BAYPOINTE PARKWAY, SAN JOSE, CALIFORNIA 95134"
525,-118.1060332,33.9578689,"9220 TELEGRAPH ROAD, DOWNEY, CALIFORNIA 90240"
526,-72.7394156,44.4935861,"4000 MOUNTAIN ROAD, STOWE, VERMONT 05672"
527,-96.860173,32.617213,"212 WEST WINTERGREEN ROAD, DE SOTO, TEXAS 75115"
528,-73.9892459,40.72419,"67 EAST 2 STREET, NEW YORK, NEW YORK 10003"
529,-117.0413945,32.9585337,"13326 COMMUNITY ROAD, POWAY, CALIFORNIA 92064"
530,-122.4297057,37.7916711,"2201 LAGUNA STREET, SAN FRANCISCO, CALIFORNIA 94115"
531,-73.028904,41.245928,"1574 BOSTON POST ROAD, MILFORD, CONNECTICUT 06461"
532,-97.3747213,32.760465,"3900 WHITE SETTLEMENT ROAD, FORT WORTH, TEXAS 76107"
533,-76.8386,38.983306,"9805 GOOD LUCK ROAD, LANHAM, MARYLAND 20706"
534,-87.642768,41.9404289,"510 WEST BELMONT AVENUE, CHICAGO, ILLINOIS 60657"
535,-118.35375,33.874412,"4430 WEST 172 STREET, LAWNDALE, CALIFORNIA 90260"
536,-97.0614852,32.6693899,"3030 CLAREMONT DRIVE, GRAND PRAIRIE, TEXAS 75052"
537,-87.8051535,41.9127547,"1801 NORTH HARLEM AVENUE, CHICAGO, ILLINOIS 60707"
538,-73.953985,40.716138,"248 NORTH 8 STREET, BROOKLYN, NEW YORK 11211"
539,-81.919629,28.10907,"5275 LONG LAKE CIRCLE, LAKELAND, FLORIDA 33805"
540,-73.479067,41.066474,"1574 BOSTON POST ROAD, DARIEN, CONNECTICUT 06820"
541,-118.479028,34.005843,"2535 BEVERLEY AVENUE, SANTA MONICA, CALIFORNIA 90405"
542,-122.317735,47.60457,"300 11 AVENUE, SEATTLE, WASHINGTON 98122"
543,-77.4683787009415,37.6325773677484,"8040 VILLA PARK DRIVE, HENRICO, VIRGINIA 23228"
544,-118.3853146,34.0883058,"936 NORTH SAN VICENTE BOULEVARD, WEST HOLLYWOOD, CALIFORNIA 90069"
545,-74.9848482,40.1423233,"600 OLD STREET ROAD, FEASTERVILLE TREVOSE, PENNSYLVANIA 19053"
546,-80.1652886,25.8879775,"12150 BISCAYNE BOULEVARD, NORTH MIAMI, FLORIDA 33181"
547,-80.317531,25.938647,"18225 NORTHWEST 73 AVENUE, HIALEAH, FLORIDA 33015"
548,-121.2930471,37.9942354,"4433 CONTINENTAL WAY, STOCKTON, CALIFORNIA 95207"
549,-74.9269049444275,40.1048969444951,"1574 BRIDGEWATER ROAD, BENSALEM, PENNSYLVANIA 19020"
550,-117.2008689,34.1267093,"7000 LA PRAIX STREET, HIGHLAND, CALIFORNIA 92346"
551,-73.7562684,40.6058625,"2230 MOTT AVENUE, QUEENS, NEW YORK 11691"
552,-104.9703574,39.7366951,"1280 LAFAYETTE STREET, DENVER, COLORADO 80218"
553,-96.8132266,32.967154,"16000 BENT TREE FOREST CIRCLE, DALLAS, TEXAS 75248"
554,-71.0829696655273,42.4163856506348,"130 AVON STREET, MALDEN, MASSACHUSETTS 02148"
555,-121.2604202,38.7429017,"1606 KENT PLACE, ROSEVILLE, CALIFORNIA 95661"
556,-77.091007,38.89663,"2001 NORTH CLEVELAND STREET, ARLINGTON, VIRGINIA 22201"
557,-122.3418789,47.6590191,"1307 NORTH 43 STREET, SEATTLE, WASHINGTON 98103"
558,-96.6864899,32.9303378,"3754 WEST BUCKINGHAM ROAD, GARLAND, TEXAS 75042"
559,-116.9574915,32.7867223,"747 AVOCADO AVENUE, EL CAJON, CALIFORNIA 92020"
560,-116.9869192,33.9263076,"520 WEST 4 STREET, BEAUMONT, CALIFORNIA 92223"
561,-118.3622884,34.0797306,"458 NORTH HAYWORTH AVENUE, LOS ANGELES, CALIFORNIA 90048"
562,-116.9978285,33.9273211,"920 WEST 4 STREET, BEAUMONT, CALIFORNIA 92223"
563,-96.3360404,30.6281948,"410 TEXAS AVENUE SOUTH, COLLEGE STATION, TEXAS 77840"
564,-122.1398762,37.7075581,"906 143 AVENUE, SAN LEANDRO, CALIFORNIA 94578"
565,-114.6204026,32.727709,"200 NORTH MADISON AVENUE, YUMA, ARIZONA 85364"
566,-118.362291,34.0793929,"440 NORTH HAYWORTH AVENUE, LOS ANGELES, CALIFORNIA 90048"
567,-122.164542,37.718621,"1574 PACIFIC AVENUE, SAN LEANDRO, CALIFORNIA 94577"
568,-81.2244354,28.5680635,"10952 EAST COLONIAL DRIVE, UNION PARK, FLORIDA 32825"
569,-79.8020299,36.004601,"117 TEAKWOOD DRIVE, GREENSBORO, NORTH CAROLINA 27406"
570,-115.30696,36.099561,"9837 WEST TROPICANA AVENUE, LAS VEGAS, NEVADA 89147"
571,-115.045536,36.0616966,"594 NORTH STEPHANIE STREET, HENDERSON, NEVADA 89014"
572,-118.1056388,33.9881285,"8335 WASHINGTON BOULEVARD, PICO RIVERA, CALIFORNIA 90660"
573,-118.4683217,34.0526254,"11812 SAN VICENTE BOULEVARD, LOS ANGELES, CALIFORNIA 90049"
574,-118.4653158,34.1540085,"15233 VENTURA BOULEVARD, LOS ANGELES, CALIFORNIA 91403"
575,-118.4657181,34.1530926,"15260 VENTURA BOULEVARD, LOS ANGELES, CALIFORNIA 91403"
576,-118.4781978,34.1560351,"15821 VENTURA BOULEVARD, LOS ANGELES, CALIFORNIA 91436"
577,-118.4158259,34.0621553,"1801 CENTURY PARK EAST, LOS ANGELES, CALIFORNIA 90067"
578,-118.493914,34.022112,"808 WILSHIRE BOULEVARD, SANTA MONICA, CALIFORNIA 90401"
579,-118.487544,34.157473,"16253 VENTURA BOULEVARD, LOS ANGELES, CALIFORNIA 91436"
580,-118.4421308,34.0588515,"10866 WILSHIRE BOULEVARD, LOS ANGELES, CALIFORNIA 90024"
581,-118.4962832,34.0202159,"530 WILSHIRE BOULEVARD, SANTA MONICA, CALIFORNIA 90401"
582,-118.4985971,34.0198121,"401 WILSHIRE BOULEVARD, SANTA MONICA, CALIFORNIA 90403"
583,-118.4698191,34.0417374,"12400 WILSHIRE BOULEVARD, LOS ANGELES, CALIFORNIA 90025"
584,-118.4957747,34.0129639,"120 BROADWAY, SANTA MONICA, CALIFORNIA 90401"
585,-76.1913469,40.0861608,"10 NEWPORT ROAD, LEOLA, PENNSYLVANIA 17540"
586,-77.1873588,39.1153844,"15740 SHADY GROVE ROAD, GAITHERSBURG, MARYLAND 20877"
587,-118.46841,34.053503,"11777 SAN VICENTE BOULEVARD, LOS ANGELES, CALIFORNIA 90049"
588,-118.4620338,34.0479162,"11766 WILSHIRE BOULEVARD, LOS ANGELES, CALIFORNIA 90025"
589,-118.4721182,34.0519369,"11980 SAN VICENTE BOULEVARD, LOS ANGELES, CALIFORNIA 90049"
590,-118.466437,34.053028,"11726 SAN VICENTE BOULEVARD, LOS ANGELES, CALIFORNIA 90049"
591,-118.4704911,34.0412709,"12424 WILSHIRE BOULEVARD, LOS ANGELES, CALIFORNIA 90025"
592,-118.467411,34.155264,"15301 VENTURA BOULEVARD, LOS ANGELES, CALIFORNIA 91403"
593,-73.2527677,40.8130455,"80 ARKAY DRIVE, HAUPPAUGE, NEW YORK 11788"
594,-122.4618584,37.7597376,"1545 5 AVENUE, SAN FRANCISCO, CALIFORNIA 94122"
595,-118.1167269,33.8900514,"15740 WOODRUFF AVENUE, BELLFLOWER, CALIFORNIA 90706"
596,-77.7435049,39.6612682,"18061 GARLAND GROH BOULEVARD, HAGERSTOWN, MARYLAND 21740"
597,-80.9460872,35.1496892,"3600 ARCO CORPORATE DRIVE, CHARLOTTE, NORTH CAROLINA 28273"
598,-71.438784,41.824789,"661 ATWELLS AVENUE, PROVIDENCE, RHODE ISLAND 02908"
599,-118.442251,34.053484,"10905 OHIO AVENUE, LOS ANGELES, CALIFORNIA 90024"
600,-81.793462,26.210785,"5291 NORTH GOODLETTE ROAD, NAPLES, FLORIDA 34103"
601,-118.1856539,33.9993654,"2939 SOUTH SUNOL DRIVE, VERNON, CALIFORNIA 90058"
602,-118.5343975,34.2369796,"18418 DEARBORN STREET, LOS ANGELES, CALIFORNIA 91325"
603,-117.9431657,33.8597309,"1035 WEST ORANGETHORPE AVENUE, FULLERTON, CALIFORNIA 92833"
604,-85.8927387,30.2247292,"17188 FRONT BEACH ROAD, PANAMA BEACH, FLORIDA 32413"
605,-81.200768,35.235484,"710 WEST HUDSON BOULEVARD, GASTONIA, NORTH CAROLINA 28052"
606,-118.4016597,34.0204899,"3838 VINTON AVENUE, LOS ANGELES, CALIFORNIA 90232"
607,-73.919027,40.675658,"343 HOWARD AVENUE, BROOKLYN, NEW YORK 11233"
608,-73.920571,40.676289,"2027 PACIFIC STREET, BROOKLYN, NEW YORK 11233"
609,-73.9649,40.7165796703177,"52 NORTH 1 STREET, BROOKLYN, NEW YORK 11211"
610,-118.5392238,34.1727224,"18615 BURBANK BOULEVARD, LOS ANGELES, CALIFORNIA 91356"
611,-118.20721,34.091735,"227 EAST AVENUE 41, LOS ANGELES, CALIFORNIA 90031"
612,-121.2932493,38.5828356,"3300 CAPITAL CENTER DRIVE, RANCHO CORDOVA, CALIFORNIA 95670"
613,-80.2104974,26.2863448,"7351 WILES ROAD, CORAL SPRINGS, FLORIDA 33067"
614,-121.2965017,38.5806903,"3500 DATA DRIVE, RANCHO CORDOVA, CALIFORNIA 95670"
615,-121.7238051,38.5412832,"2171 COWELL BOULEVARD, DAVIS, CALIFORNIA 95618"
616,-80.1604322,25.9159434,"1970 NORTHEAST 153 STREET, NORTH MIAMI BEACH, FLORIDA 33162"
617,-80.2389541,25.7902534,"2601 NORTHWEST 16 ROAD, MIAMI, FLORIDA 33125"
618,-122.3040047,37.5418155,"2727 EDISON STREET, SAN MATEO, CALIFORNIA 94403"
619,-77.0314662,38.9206391,"2303 14 STREET NORTHWEST, WASHINGTON, DISTRICT OF COLUMBIA 20009"
620,-121.9926627,38.3422082,"1153 ALAMO DRIVE, VACAVILLE, CALIFORNIA 95687"
621,-80.335346,25.90131,"8205 COMMERCE WAY, MIAMI LAKES, FLORIDA 33016"
622,-121.6396798,37.110088,"15745 MONTEREY ROAD, MORGAN HILL, CALIFORNIA 95037"
623,-121.960696,37.537284,"40765 HIGH STREET, FREMONT, CALIFORNIA 94538"
624,-121.9601778,37.5375416,"40777 HIGH STREET, FREMONT, CALIFORNIA 94538"
625,-122.4402952,37.8002132,"2241 CHESTNUT STREET, SAN FRANCISCO, CALIFORNIA 94123"
626,-122.0564285,37.6400515,"820 HANCOCK STREET, HAYWARD, CALIFORNIA 94544"
627,-122.054023,37.63773,"28472 MISSION BOULEVARD, HAYWARD, CALIFORNIA 94544"
628,-122.055115,37.6393946,"837 HANCOCK STREET, HAYWARD, CALIFORNIA 94544"
629,-122.0777345,37.6581771,"605 ORCHARD AVENUE, HAYWARD, CALIFORNIA 94544"
630,-118.3579483,33.9625424,"200 WEST QUEEN STREET, INGLEWOOD, CALIFORNIA 90301"
631,-73.918383,40.862801,"403 WEST 205 STREET, NEW YORK, NEW YORK 10034"
632,-118.344224,33.9778329,"803 EAST HYDE PARK BOULEVARD, INGLEWOOD, CALIFORNIA 90302"
633,-118.342266,33.942345,"3911 WEST 104 STREET, INGLEWOOD, CALIFORNIA 90303"
634,-118.194128,33.78679,"1557 PACIFIC AVENUE, LONG BEACH, CALIFORNIA 90813"
635,-73.976579,40.608156,"298 AVENUE P, BROOKLYN, NEW YORK 11223"
636,-74.0060123,40.6327953,"6024 FORT HAMILTON PARKWAY, BROOKLYN, NEW YORK 11219"
637,-118.188876,33.960678,"4512 SANTA ANA STREET, CUDAHY, CALIFORNIA 90201"
638,-118.3638029,33.9438046,"10121 BUFORD AVENUE, LENNOX, CALIFORNIA 90304"
639,-118.349242,34.013349,"4510 PINAFORE STREET, LOS ANGELES, CALIFORNIA 90008"
640,-73.969998,40.633836,"3801 18 AVENUE, BROOKLYN, NEW YORK 11230"
641,-118.3507833,33.84447,"3634 SPENCER STREET, TORRANCE, CALIFORNIA 90503"
642,-111.300060346558,47.4926375097031,"1100 5 STREET SOUTH, GREAT FALLS, MONTANA 59405"
643,-73.958218,40.674163,"600 PARK PLACE, BROOKLYN, NEW YORK 11238"
644,-118.4682286,34.0574542,"605 SOUTH BARRINGTON AVENUE, LOS ANGELES, CALIFORNIA 90049"
645,-118.5693113,34.1702153,"5480 QUAKERTOWN AVENUE, LOS ANGELES, CALIFORNIA 91364"
646,-122.097623,37.4283625,"2600 MARINE WAY, MOUNTAIN VIEW, CALIFORNIA 94043"
647,-77.0611055,38.9390025,"3726 CONNECTICUT AVENUE NORTHWEST, WASHINGTON, DISTRICT OF COLUMBIA 20008"
648,-77.0576198,38.9332153,"3220 CONNECTICUT AVENUE NORTHWEST, WASHINGTON, DISTRICT OF COLUMBIA 20008"
649,-73.956275,40.6268108,"1439 OCEAN AVENUE, BROOKLYN, NEW YORK 11230"
650,-73.74808,40.603301,"1011 NEILSON STREET, QUEENS, NEW YORK 11691"
651,-95.3325849,29.9464356,"15747 JOHN F KENNEDY BOULEVARD, HOUSTON, TEXAS 77032"
652,-118.3669466,34.1403869,"10856 BLUFFSIDE DRIVE, LOS ANGELES, CALIFORNIA 91604"
653,-73.992082,40.603038,"8313 BAY PARKWAY, BROOKLYN, NEW YORK 11214"
654,-81.3943402,35.7813517,"4780 HICKORY BOULEVARD, GRANITE FALLS, NORTH CAROLINA 28630"
655,-73.790944,43.0893479,"133 LAWRENCE STREET, SARATOGA SPRINGS, NEW YORK 12866"
656,-78.8694049,42.8914513,"489 ELLICOTT STREET, BUFFALO, NEW YORK 14203"
657,-84.726299,33.398617,"1575 HIGHWAY 34 E, NEWNAN, GEORGIA 30265"
658,-73.6408092,43.3099315,"77 WARREN STREET, GLENS FALLS, NEW YORK 12801"
659,-73.6439247,43.3091113,"100 GLEN STREET, GLENS FALLS, NEW YORK 12801"
660,-73.9388606,40.8337856,"555 EDGECOMBE AVENUE, NEW YORK, NEW YORK 10032"
661,-82.549419,35.576697,"501 BILTMORE AVENUE, ASHEVILLE, NORTH CAROLINA 28801"
662,-122.1766724,48.1339874,"15200 40 AVENUE NORTHEAST, MARYSVILLE, WASHINGTON 98271"
663,-117.1888678,47.6895071,"3808 NORTH SULLIVAN ROAD, SPOKANE, WASHINGTON 99216"
664,-115.1219579,36.0059277,"10115 JEFFREYS STREET, LAS VEGAS, NEVADA 89183"
665,-97.4585956828033,31.0753984130513,"201 RABURN DRIVE, BELTON, TEXAS 76513"
666,-97.3488378,27.6941365,"1641 NILE DRIVE, CORPUS CHRISTI, TEXAS 78412"
667,-73.948602,40.824538,"144 HAMILTON PLACE, NEW YORK, NEW YORK 10031"
668,-87.168634,41.6065543,"1575 ADLER CIRCLE, PORTAGE, INDIANA 46368"
669,-97.4253752,27.7374283,"4918 AYERS STREET, CORPUS CHRISTI, TEXAS 78415"
670,-73.9862154,40.7160674,"410 GRAND STREET, NEW YORK, NEW YORK 10002"
671,-73.9844644,40.7160869,"131 BROOME STREET, NEW YORK, NEW YORK 10002"
672,-73.9843917,40.7155473,"460 GRAND STREET, NEW YORK, NEW YORK 10002"
673,-71.405852,42.295846,"30 PHELPS ROAD, FRAMINGHAM, MASSACHUSETTS 01702"
674,-122.021112,36.97538,"134 DAKOTA AVENUE, SANTA CRUZ, CALIFORNIA 95060"
675,-73.3887477,41.1128455,"10 NORDEN PLACE, NORWALK, CONNECTICUT 06855"
676,-122.372063762566,37.5957590429783,"1575 ADRIAN ROAD, BURLINGAME, CALIFORNIA 94010"
677,-158.067955,21.323524,"91 ENTERPRISE STREET, EWA VILLAGES, HAWAII 96707"
678,-71.1377059,42.2760763,"390 BLUE LEDGE DRIVE, BOSTON, MASSACHUSETTS 02131"
679,-74.256405,40.6335433,"30 EAST ELM STREET, LINDEN, NEW JERSEY 07036"
680,-73.894111,40.821232,"983 EAST 163 STREET, BRONX, NEW YORK 10459"
681,-73.894361,40.821232,"979 EAST 163 STREET, BRONX, NEW YORK 10459"
682,-73.894612,40.821232,"944 TIFFANY STREET, BRONX, NEW YORK 10459"
683,-73.8941596,40.8197562,"901 FOX STREET, BRONX, NEW YORK 10459"
684,-73.894564,40.819812,"908 TIFFANY STREET, BRONX, NEW YORK 10459"
685,-124.1045632,40.9341948,"1575 BETTY COURT, KINLEYVILLE, MC 95519"
686,-73.894552,40.820766,"940 TIFFANY STREET, BRONX, NEW YORK 10459"
687,-73.89558,40.820818,"950 KELLY STREET, BRONX, NEW YORK 10459"
688,-73.8945064,40.819512,"891 FOX STREET, BRONX, NEW YORK 10459"
689,-73.893854,40.819534,"900 FOX STREET, BRONX, NEW YORK 10459"
690,-73.8931394,40.8206533,"923 SIMPSON STREET, BRONX, NEW YORK 10459"
691,-73.895224,40.820813,"960 TIFFANY STREET, BRONX, NEW YORK 10459"
692,-122.0789048,37.3934881,"215 CASTRO STREET, MOUNTAIN VIEW, CALIFORNIA 94041"
693,-88.2032793,41.7977699,"1575 BOND STREET, NAPERVILLE, ILLINOIS 60563"
694,-122.211999131282,37.4754642964584,"2710 MIDDLEFIELD ROAD, REDWOOD, CALIFORNIA 94063"
695,-86.875195,40.394413,"1905 TEAL ROAD, LAFAYETTE, INDIANA 47905"
696,-117.5440398,34.0575792,"601 KETTERING DRIVE, ONTARIO, CALIFORNIA 91761"
697,-122.235953,38.121915,"2211 REDWOOD STREET, VALLEJO, CALIFORNIA 94590"
698,-105.049511,39.7418229,"1590 XAVIER STREET, DENVER, COLORADO 80204"
699,-97.754112,30.259429,"901 BARTON SPRING ROAD, AUSTIN, TEXAS 78704"
700,-121.479083,38.572387,"2150 CAPITOL AVENUE, SACRAMENTO, CALIFORNIA 95816"
701,-73.1887176,40.8563984,"155 EAST MAIN STREET, SMITHTOWN, NEW YORK 11787"
702,-111.7627552,34.7733616,"26 AVENIDA DE PIEDRAS, VILLAGE OAK CREEK ARIZONA, 86351 OF USA"
703,-76.834913,38.956662,"4800 WALDEN LANE, LANHAM, MARYLAND 20706"
704,-81.584247,41.427932,"4900 EAST 141 STREET, GARFIELD HEIGHTS, OHIO 44125"
705,-75.5397321,38.3668107,"406 PUNKIN COURT, SALISBURY, MARYLAND 21804"
706,-83.733759,36.067833,"2015 EASTBRIDGE PARKWAY, MASCOT, TENNESSEE 37806"
707,-122.525514,45.408923,"15659 SOUTHEAST 135 AVENUE, CLACKAMAS, OREGON 97015"
708,-75.364394,40.086691,"250 HANSEN ACCESS ROAD, KING OF PRUSSIA, PENNSYLVANIA 19406"
709,-84.138118,35.9621447,"10140 GALLOWS POINT DRIVE, KNOXVILLE, TENNESSEE 37931"
710,-118.38399,34.0555809,"1155 SOUTH ROBERTSON BOULEVARD, LOS ANGELES, CALIFORNIA 90035"
711,-94.1458446,36.1086326,"3155 NORTH COLLEGE AVENUE, FAYETTEVILLE, ARKANSAS 72703"
712,-70.331195,43.641305,"53 DARLING AVENUE, SOUTH PORTLAND, MAINE 04106"
713,-117.719805,34.064154,"1575 EAST HOLT AVENUE, POMONA, CALIFORNIA 91767"
714,-74.1961975502625,40.7062226702175,"109 MEEKER AVENUE, NEWARK, NEW JERSEY 07114"
715,-99.757069,32.419142,"2800 SOUTH 25 STREET, ABILENE, TEXAS 79605"
716,-95.5311221,29.820954,"3125 CRESTDALE DRIVE, HOUSTON, TEXAS 77080"
717,-118.268414,33.777653,"624 NEPTUNE AVENUE, LOS ANGELES, CALIFORNIA 90744"
718,-122.250977,47.481878,"13535 68 AVENUE SOUTH, SEATTLE, WASHINGTON 98178"
719,-122.6775579,45.6036451,"1000 NORTH ANCHOR WAY, PORTLAND, OREGON 97217"
720,-122.0743825,37.7083315,"4337 ELVIRA PLACE, CASTRO VALLEY, CALIFORNIA 94546"
721,-82.5400165,35.5550309,"4 VANDERBILT PARK DRIVE, ASHEVILLE, NORTH CAROLINA 28803"
722,-73.2578396,40.8098425,"185 COMMERCE DRIVE, HAUPPAUGE, NEW YORK 11788"
723,-92.7479039,38.2053713,"2325 BITTER SWEET ROAD, LAKE OZARK, MISSOURI 65049"
724,-77.0291221,38.9015926,"1575 EYE STREET, WASHINGTON, DISTRICT OF COLUMBIA 20005"
725,-94.878533,38.95529,"9550 ZARDA DRIVE, LENEXA, KANSAS 66227"
726,-81.976347,27.897066,"300 NORTHWEST PHOSPHATE BOULEVARD, MULBERRY, FLORIDA 33860"
727,-118.1460557,34.0051105,"2121 LEO AVENUE, LOS ANGELES, CALIFORNIA 90040"
728,-111.949443,33.3102159,"411 NORTH ROOSEVELT AVENUE, CHANDLER, ARIZONA 85226"
729,-121.89802997057,37.3772894687103,"1585 SCHALLENBERGER ROAD, SAN JOSE, CALIFORNIA 95112"
730,-84.5815248,41.150358,"1000 NORTH WILLIAMS STREET, PAULDING, OHIO 45879"
731,-122.5354866,38.0447965,"150 ALAMEDA DE PRADO, NOVATO, CALIFORNIA 94949"
732,-102.3161757,31.8955619,"6010 EAST HIGHWAY 191, ODESSA, TEXAS 79762"
733,-122.6609405,45.5304521,"1021 NORTHEAST GRAND AVENUE, PORTLAND, OREGON 97232"
734,-74.1656991067459,40.931829486536,"2 WOOD STREET, PATERSON, NEW JERSEY 07524"
735,-98.3395992,29.3852663,"7640 US HIGHWAY 87 E, CHINA GROVE, TEXAS 78263"
736,-90.2987969,38.594089,"6411 CHIPPEWA STREET, SAINT LOUIS, MISSOURI 63109"
737,-76.61279296875,39.2903137207031,"10 NORTH CALVERT STREET, BALTIMORE, MARYLAND 21202"
738,-77.035302,38.901642,"1575 EYE STREET NORTHWEST, WASHINGTON, DISTRICT OF COLUMBIA 20005"
739,-112.034171,34.738384,"651 WEST MINGUS AVENUE, COTTONWOOD, ARIZONA 86326"
740,-96.6859528,33.0904743,"995 WEST BETHANY DRIVE, ALLEN, TEXAS 75013"
741,-74.1116345,40.9088586,"100 B MAIN AVENUE, ELMWOOD PARK, NEW JERSEY 07407"
742,-88.8152951,33.4551701,"110 HIGHWAY 12 W, STARKVILLE, MISSISSIPPI 39759"
743,-71.504225,42.388504,"19 BRENT DRIVE, HUDSON, MASSACHUSETTS 01749"
744,-73.861952,40.864511,"2543 BRONXWOOD AVENUE, BRONX, NEW YORK 10469"
745,-117.1950153,34.1067064,"27945 GREENSPOT ROAD, HIGHLAND, CALIFORNIA 92346"
746,-99.442689,27.511912,"4810 FESCO BOULEVARD, LAREDO, TEXAS 78043"
747,-121.5503705,38.5770691,"3015 WEST CAPITOL AVENUE, WEST SACRAMENTO, CALIFORNIA 95691"
748,-88.2646874,43.3256049,"1100 EAST COMMERCE BOULEVARD, SLINGER, WISCONSIN 53086"
749,-95.8325476304802,29.6967964901104,"26440 FARM TO, HOUSTON, TEXAS 77494"
750,-80.8039851,32.2361263,"1575 FORDING ISLAND ROAD, HILTON HEAD ISLAND, SOUTH CAROLINA 29926"
751,-71.1056242,42.8262677,"31 GARDEN ROAD, PLAISTOW, NEW HAMPSHIRE 03865"
752,-91.7153735,41.9629278,"3325 16 AVENUE SOUTHWEST, CEDAR RAPIDS, IOWA 52404"
753,-87.9862244,42.3850133,"7501 GRAND AVENUE, GURNEE, ILLINOIS 60031"
754,-72.6706289,41.5687237,"352 NEWFIELD STREET, MIDDLETOWN, CONNECTICUT 06457"
755,-117.83409,33.7644359,"2010 PONDEROSA STREET, SANTA ANA, CALIFORNIA 92705"
756,-70.9468738,42.4642144,"429 WASHINGTON STREET, LYNN, MASSACHUSETTS 01901"
757,-71.419851,41.846759,"460 CHARLES STREET, PROVIDENCE, RHODE ISLAND 02904"
758,-75.223698,43.092995,"612 SOUTH STREET, UTICA, NEW YORK 13501"
759,-75.2661997,43.0756374,"2420 ONEIDA STREET, UTICA, NEW YORK 13501"
760,-122.2931938,47.7222386,"12736 LAKE CITY WAY NORTHEAST, SEATTLE, WASHINGTON 98125"
761,-111.985922,40.7463824,"1090 SOUTH 3800 WEST, SALT LAKE, UTAH 84104"
762,-71.117102,42.278071,"950 CANTERBURY STREET, BOSTON, MASSACHUSETTS 02131"
763,-121.535476,37.7259703,"25176 SOUTH SCHULTE ROAD, TRACY, CALIFORNIA 95377"
764,-121.538001,37.725963,"25075 SOUTH SCHULTE ROAD, TRACY, CALIFORNIA 95377"
765,-95.207475,29.588056,"11207 RESOURCE PARKWAY, HOUSTON, TEXAS 77089"
766,-112.007419,40.783437,"675 NORTH WRIGHT BROTHERS DRIVE, SALT LAKE, UTAH 84116"
767,-73.9124788,40.8430552,"1575 GRAND CONCOURSE, BRONX, NEW YORK 10452"
768,-98.2857055664062,29.6007652282715,"5925 TRI COUNTY PARKWAY, SCHERTZ, TEXAS 78154"
769,-97.7405,31.0981056,"300 EAST CENTRAL TEXAS EXPRESSWAY, KILLEEN, TEXAS 76541"
770,-71.398642,42.3241216,"1595 CONCORD STREET, FRAMINGHAM, MASSACHUSETTS 01701"
771,-97.4126035,35.216902,"200 VICKSBURG AVENUE, NORMAN, OKLAHOMA 73071"
772,-117.9221712,34.1377301,"1025 WEST 8 STREET, AZUSA, CALIFORNIA 91702"
773,-71.3194778,41.5014826,"143 3 STREET, NEWPORT, RHODE ISLAND 02840"
774,-122.398492,37.651005,"233 EAST HARRIS AVENUE, SOUTH SAN FRANCISCO, CALIFORNIA 94080"
775,-93.600297,41.59468,"1300 DES MOINES STREET, DES MOINES, IOWA 50309"
776,-85.8744924,38.1310512,"6807 WEST PAGES LANE, LOUISVILLE, KENTUCKY 40258"
777,-74.2375511,40.6833487,"1070 MORRIS AVENUE, UNION, NEW JERSEY 07083"
778,-75.8968752037048,41.254484226609,"5 HEISZ STREET, KINGSTON, PENNSYLVANIA 18704"
779,-98.4631131,29.4764219,"5307 BROADWAY STREET, ALAMO HEIGHTS, TEXAS 78209"
780,-95.3561654,32.3160559,"4055 HOGAN DRIVE, TYLER, TEXAS 75709"
781,-117.2373069,47.6726223,"12415 EAST MISSION AVENUE, SPOKANE, WASHINGTON 99216"
782,-71.2345,42.373039,"190 MOODY STREET, WALTHAM, MASSACHUSETTS 02453"
783,-71.2345,42.373039,"174 MOODY STREET, WALTHAM, MASSACHUSETTS 02453"
784,-95.900249,41.270427,"901 NORTH 35 STREET, COUNCIL BLUFFS, IOWA 51501"
785,-80.1916349,26.0332047,"4601 SHERIDAN STREET, HOLLYWOOD, FLORIDA 33021"
786,-82.946861,40.060879,"4426 CALDERWOOD DRIVE, COLUMBUS, OHIO 43231"
787,-75.14162,39.9707863,"1250 NORTH 3 STREET, PHILADELPHIA, PENNSYLVANIA 19122"
788,-122.3911988,37.7863555,"333 HARRISON STREET, SAN FRANCISCO, CALIFORNIA 94105"
789,-119.763321,36.781315,"3302 NORTH MILLBROOK AVENUE, FRESNO, CALIFORNIA 93726"
790,-80.870513,35.587021,"170 MOORESVILLE COMMONS WAY, MOORESVILLE, NORTH CAROLINA 28117"
791,-115.159735,36.230834,"1237 WEST ALEXANDER ROAD, NORTH LAS VEGAS, NEVADA 89032"
792,-81.9770911,26.6485748,"80 HANCOCK PARKWAY, CAPE CORAL, FLORIDA 33991"
793,-81.9006468,26.5150173,"15878 SUMMERLIN ROAD, FORT MYERS, FLORIDA 33908"
794,-81.9400638,26.6977486,"2481 DE PRADO BOULEVARD NORTH, CAPE CORAL, FLORIDA 33909"
795,-81.9408721923828,41.4663124084473,"1575 HUNTER'S CHASE DRIVE, WESTLAKE, OHIO 44145"
796,-81.5170037,41.0857096,"10 NORTH MAIN STREET, AKRON, OHIO 44308"
797,-73.2062907,41.1809434,"1575 IRANISTAN AVENUE, BRIDGEPORT, CONNECTICUT 06605"
798,-79.8136503,32.8447389,"1200 HIGHWAY 17 N, MOUNT PLEASANT, SOUTH CAROLINA 29464"
799,-78.800515,35.901687,"10208 CERNY STREET, RALEIGH, NORTH CAROLINA 27617"
800,-73.9312935,41.2933499,"206 CHATEAU RIVE, PEEKSKILL, NEW YORK 10566"
801,-73.957905,40.7432573,"50 2 STREET, QUEENS, NEW YORK 11101"
802,-73.9936081,40.7617793,"640 10 AVENUE, NEW YORK, NEW YORK 10036"
803,-84.529003,33.984208,"901 SAWYER ROAD, MARIETTA, GEORGIA 30066"
804,-112.0474713,43.5018791,"780 LINDSAY BOULEVARD, IDAHO FALLS, IDAHO 83402"
805,-80.1712715,26.2134795,"1280 SOUTHWEST 36 AVENUE, POMPANO BEACH, FLORIDA 33069"
806,-83.351841,33.9451188,"1575 LEXINGTON ROAD, ATHENS, GEORGIA 30605"
807,-79.4582366,36.0688909,"SHERRY DR, BURLINGTON, NC 27215"
808,-83.9087239709168,34.1768659428839,"5963 SPOUT SPRING ROAD, FLOWERY BRANCH, GEORGIA 30542"
809,-106.8119223,40.4568111,"1175 BANGTAIL WAY, STEAMBOAT SPRINGS, COLORADO 80487"
810,-119.7488355,39.5209738,"1575 LINDA WAY, SPARKS, NEVADA 89431"
811,-122.399455,37.7853459,"663 HOWARD STREET, SAN FRANCISCO, CALIFORNIA 94103"
812,-116.307458,33.7586927,"77750 COUNTRY CLUB DRIVE, PALM DESERT, CALIFORNIA 92211"
813,-82.6772842407227,27.8948516845703,"3211 EXECUTIVE DRIVE, SAINT PETERSBURG, FLORIDA 33762"
814,-73.8428407,40.8896211,"1197 EAST 233 STREET, BRONX, NEW YORK 10466"
815,-74.002628,40.723387,"498 BROOME STREET, NEW YORK, NEW YORK 10012"
816,-82.2784317269836,34.8215300556706,"1511 WOODRUFF ROAD, GREENVILLE, SOUTH CAROLINA 29615"
817,-86.430727,35.8585207,"2006 MEDICAL CENTER PARKWAY, MURFREESBORO, TENNESSEE 37129"
818,-80.6960541,28.0795344,"4250 WEST NEW HAVEN AVENUE, WEST MELBOURNE, FLORIDA 32904"
819,-78.3954238,33.9846343,"3670 EXPRESSWAY DRIVE, SHALLOTTE, NORTH CAROLINA 28470"
820,-122.1895487,47.3690566,"11328 SOUTHEAST KENT KANGLEY ROAD, KENTUCKY, WASHINGTON 98030"
821,-117.345763,33.998243,"1575 MARLBOROUGH AVENUE, RIVERSIDE, CALIFORNIA 92507"
822,-122.3498801,47.6144635,"2510 WESTERN AVENUE, SEATTLE, WASHINGTON 98121"
823,-78.6935403,35.7478031,"2190 OCEAN REEF PLACE, RALEIGH, NORTH CAROLINA 27603"
824,-122.3237775,47.6229297,"424 BELMONT AVENUE EAST, SEATTLE, WASHINGTON 98102"
825,-86.8851,33.4032,"100 BIRCHALL LANE, HOOVER, ALABAMA 35226"
826,-122.415466,37.785195,"641 OFARRELL STREET, SAN FRANCISCO, CALIFORNIA 94109"
827,-122.073074,37.878385,"1900 TICE VALLEY BOULEVARD, WALNUT CREEK, CALIFORNIA 94595"
828,-79.8019415,36.0123756,"301 WEST VANDALIA ROAD, GREENSBORO, NORTH CAROLINA 27406"
829,-121.96145,37.291799,"700 GALE DRIVE, CAMPBELL, CALIFORNIA 95008"
830,-93.6105989,41.5900684,"510 EAST LOCUST STREET, DES MOINES, IOWA 50309"
831,-85.5777611,38.239235,"500 SOUTH HURSTBOURNE PARKWAY, HURSTBOURNE, KENTUCKY 40222"
832,-84.2178344,34.1137944,"155 BLUEGRASS VALLEY PARKWAY, ALPHARETTA, GEORGIA 30005"
833,-118.455579,34.155108,"4623 WILLIS AVENUE, LOS ANGELES, CALIFORNIA 91403"
834,-118.160865,34.1166569,"711 ORANGE GROVE AVENUE, SOUTH PASADENA, CALIFORNIA 91030"
835,-118.4540432,34.2294782,"8745 CEDROS AVENUE, LOS ANGELES, CALIFORNIA 91402"
836,-86.372016428836,39.676121877928,"2068 HADLEY ROAD, PLAINFIELD, INDIANA 46168"
837,-118.193878173828,34.1047821044922,"249 SOUTH AVENUE 55, LOS ANGELES, CALIFORNIA 90042"
838,-117.173377,33.596212,"36125 CREIGHTON AVENUE, MURRIETA, CALIFORNIA 92563"
839,-81.7438059,26.5616145,"12801 COMMERCE LAKE DRIVE, FORT MYERS, FLORIDA 33913"
840,-97.798873,32.728724,"2128 TIN TOP ROAD, WEATHERFORD, TEXAS 76086"
841,-122.3631705,47.2379498,"4902 20 STREET EAST, FIFE, WASHINGTON 98424"
842,-111.9874417,33.5023557,"4304 EAST CAMPBELL AVENUE, PHOENIX, ARIZONA 85018"
843,-104.710337,39.6067782,"23860 EAST ORCHARD ROAD, AURORA, COLORADO 80016"
844,-87.6864258,42.0464757,"1575 OAK AVENUE, EVANSTON, ILLINOIS 60201"
845,-122.9314481,45.5481027,"3131 NORTHEAST BROOKWOOD PARKWAY, HILLSBORO, OREGON 97124"
846,-80.1901029,25.7851861,"1100 BISCAYNE BOULEVARD, MIAMI, FLORIDA 33132"
847,-81.462507,28.529245,"6003 RALEIGH STREET, ORLANDO, FLORIDA 32835"
848,-84.3156505,34.0211539,"1575 OLD ALABAMA ROAD, ROSWELL, GEORGIA 30076"
849,-77.1703328,39.1171731,"105 KING FARM BOULEVARD, ROCKVILLE, MARYLAND 20850"
850,-78.8172979,33.756527,"8171 ROURK STREET, MYRTLE BEACH, SOUTH CAROLINA 29572"
851,-122.315923,47.6596339,"1115 NORTHEAST 43 STREET, SEATTLE, WASHINGTON 98105"
852,-122.2188244,47.7852399,"23325 BOTHELL EVERETT HIGHWAY, BOTHELL, WASHINGTON 98021"
853,-81.1063524,34.0464968,"1079 SPRINGHOUSE DRIVE, SAINT ANDREWS, SOUTH CAROLINA 29210"
854,-117.345606,33.995772,"1575 OMAHA COURT, RIVERSIDE, CALIFORNIA 92507"
855,-80.843902,35.3512119,"7220 SMITH CORNERS BOULEVARD, CHARLOTTE, NORTH CAROLINA 28269"
856,-121.273063,38.777553,"251 CONFERENCE CENTER DRIVE, ROSEVILLE, CALIFORNIA 95678"
857,-86.8360271,33.2928492,"350 ELM STREET, HELENA, ALABAMA 35080"
858,-73.5895376,40.7461482,"1575 PRIVADO ROAD, WESTBURY, NEW YORK 11590"
859,-93.2713012695312,44.9801559448242,"401 HENNEPIN AVENUE, MINNEAPOLIS, MINNESOTA 55402"
860,-93.2652715444565,44.9758372701859,"505 4 AVENUE, MINNEAPOLIS, MINNESOTA 55415"
861,-121.922485,36.553602,"DOLORES ST, CARMEL BY THE SEA, CA 93921"
862,-74.0044481,40.6593468,"850 3 AVENUE, BROOKLYN, NEW YORK 11232"
863,-96.8764419555664,32.8365669250488,"1575 REGAL ROW, DALLAS, TEXAS 75247"
864,-81.7031038,41.5013639,"1100 WEST 9 STREET, CLEVELAND, OHIO 44113"
865,-121.251009,37.918005,"1909 ZEPHYR STREET, STOCKTON, CALIFORNIA 95206"
866,-71.1212933,42.4962487,"2 FORBES ROAD, WOBURN, MASSACHUSETTS 01801"
867,-83.1211183,40.0015767,"2350 WESTBELT DRIVE, COLUMBUS, OHIO 43228"
868,-95.5037231445312,33.6627655029297,"4000 LAMAR AVENUE, PARIS, TEXAS 75462"
869,-83.0322651,42.4773178,"25005 LAWRENCE, CENTER LINE, MICHIGAN 48015"
870,-82.753004,42.670869,"50620 JEFFERSON ROAD, NEW BALTIMORE, MICHIGAN 48047"
871,-89.3663298,43.0334994,"1108 MOORLAND ROAD, MADISON, WISCONSIN 53713"
872,-84.5885590367012,33.9913023421362,"1575 RIDENOUR PARKWAY NORTHWEST, KENNESAW, GEORGIA 30152"
873,-117.8362197,33.9982816,"1300 VALLEY VISTA DRIVE, DIAMOND BAR, CALIFORNIA 91765"
874,-88.4283258,42.1542828,"11900 KRUETZER ROAD, HUNTLEY, ILLINOIS 60142"
875,-83.9958216,33.6824969,"1301 SIGMAN ROAD, CONYERS, GEORGIA 30012"
876,-84.3073228067459,39.2861904280321,"11928 MONTOGOMERY ROAD, CINCINNATI, OHIO 45249"
877,-106.6136631,35.0805609,"2820 CENTRAL AVENUE SOUTHEAST, ALBUQUERQUE, NEW MEXICO 87106"
878,-116.395048,43.590658,"1575 SOUTH MERIDIAN ROAD, MERIDIAN, IDAHO 83642"
879,-122.6865866,45.5085577,"2073 SOUTHWEST PARK AVENUE, PORTLAND, OREGON 97201"
880,-91.0688004,38.5721196,"851 VOSSBRINK DRIVE, WASHINGTON, MISSOURI 63090"
881,-112.243464,33.449058,"201 NORTH 86 AVENUE, TOLLESON, ARIZONA 85353"
882,-119.1966145,34.1979695,"1555 WEST 5 STREET, OXNARD, CALIFORNIA 93030"
883,-74.2837556558197,40.5178709245306,"553 SAYRE AVENUE, PERTH AMBOY, NEW JERSEY 08861"
884,-75.747955390213,39.6129201407191,"231 EXECUTIVE DRIVE, GLASGOW, DELAWARE 19702"
885,-104.565976732819,38.9627313042533,"14155 EAST HIGHWAY 24, PEYTON, COLORADO 80831"
886,-98.4201316,34.6056819,"2202 SOUTHWEST B AVENUE, LAWTON, OKLAHOMA 73501"
887,-88.3395749,41.8726732,"1575 SOUTH RANDALL ROAD, GENEVA, ILLINOIS 60134"
888,-95.1101129746216,29.6306306451799,"8300 RED BLUFF ROAD, PASADENA, TEXAS 77505"
889,-79.8420410570778,35.6801056701677,"421 OAK LEAF ROAD, ASHEBORO, NORTH CAROLINA 27205"
890,-71.5243203,43.4478023,"23 INDUSTRIAL DRIVE, BELMONT, NEW HAMPSHIRE 03220"
891,-117.2593826,33.8655038,"1535 NANDINA AVENUE, PERRIS, CALIFORNIA 92571"
892,-80.2845914,25.7054867,"1575 SAN IGNACIO AVENUE, CORAL GABLES, FLORIDA 33146"
893,-110.890455,32.2207601,"4700 EAST BROADWAY BOULEVARD, TUCSON, ARIZONA 85711"
894,-87.854343,41.892724,"1700 WEST LAKE STREET, MELROSE PARK, ILLINOIS 60160"
895,-93.4405087,44.8689019,"12982 VALLEY VIEW ROAD, EDEN PRAIRIE, MINNESOTA 55344"
896,-89.6210377,42.2967195,"109 SOUTH GALENA AVENUE, FREEPORT, ILLINOIS 61032"
897,-118.310578748479,34.0468721860655,"3138 WEST PICO BOULEVARD, LOS ANGELES, CALIFORNIA 90019"
898,-94.1582148,30.1217007,"4438 DOWLEN STREET, BEAUMONT, TEXAS 77706"
899,-116.8082147,47.7124105,"3825 RAMSEY ROAD, COEUR D ALENE, IDAHO 83815"
900,-118.48379,34.0338489,"2101 CALIFORNIA STREET, SANTA MONICA, CALIFORNIA 90403"
901,-77.1525648,39.1669603,"7601 LINDBERGH DRIVE, GAITHERSBURG, MARYLAND 20879"
902,-95.4103316,29.8615624,"6717 STUEBNER AIRLINE, HOUSTON, TEXAS 77091"
903,-117.0091943,33.748245,"3510 WEST FLORIDA AVENUE, HEMET, CALIFORNIA 92545"
904,-96.3300173,42.4773345,"6001 GORDON DRIVE, SIOUX, IOWA 51106"
905,-95.4072142,29.6906755,"8111 NORTH STADIUM DRIVE, HOUSTON, TEXAS 77054"
906,-73.7599625,41.021015,"10 NOSBAND AVENUE, WHITE PLAINS, NEW YORK 10605"
907,-81.4033719,28.578264,"1575 SILVER STAR ROAD, ORLANDO, FLORIDA 32804"
908,-80.2976265,25.762951,"6290 SOUTHWEST 8 STREET, WEST MIAMI, FLORIDA 33144"
909,-117.6558144,33.6706982,"27462 PORTOLA PARKWAY, LAKE FOREST, CALIFORNIA 92610"
910,-97.8227732,30.1722062,"1807 WEST SLAUGHTER LANE, AUSTIN, TEXAS 78748"
911,-76.769374,40.225958,"1981 FULLING MILL ROAD, MIDDLETOWN, PENNSYLVANIA 17057"
912,-97.5659679,35.5960464,"12400 NORTH MAY AVENUE, OKLAHOMA, OKLAHOMA 73120"
913,-75.750126,39.617225,"110 EXECUTIVE DRIVE, GLASGOW, DELAWARE 19702"
914,-117.473322849213,34.0492951155753,"11251 HEMLOCK AVENUE, FONTANA, CALIFORNIA 92337"
915,-95.7750128,29.7573927,"1575 SOUTH GRAND PARKWAY, KATY, TEXAS 77494"
916,-88.2890138212875,42.1045712468554,"160 SOUTH WESTERN AVENUE, CARPENTERSVILLE, ILLINOIS 60110"
917,-119.736594,36.8020652,"4647 NORTH CHESTNUT AVENUE, FRESNO, CALIFORNIA 93726"
918,-88.3395749,41.8726732,"1575 SOUTH RANDALL ROAD, GENEVA, ILLINOIS 60134"
919,-74.288111,40.867326,"8 FAIRFIELD CRESCENT, FAIRFIELD, NEW JERSEY 07004"
920,-78.6355734,35.7785199,"207 EAST HARGETT STREET, RALEIGH, NORTH CAROLINA 27601"
921,-118.052061,33.943496,"10235 PAINTER, SANTA FE SPRINGS, CALIFORNIA 90670"
922,-116.5052083,33.8454632,"3700 EAST VISTA CHINO, PALM SPRINGS, CALIFORNIA 92262"
923,-123.1846982,44.0445255,"1500 WESTEC DRIVE, EUGENE, OREGON 97402"
924,-84.2982717,33.9000501,"2050 PEACHTREE INDUSTRIAL COURT, CHAMBLEE, GEORGIA 30341"
925,-80.0786141,26.5182267,"1575 SOUTHWEST 8 STREET, BOYNTON BEACH, FLORIDA 33426"
926,-72.87248,41.315924,"339 EASTERN STREET, NEW HAVEN, CONNECTICUT 06513"
927,-87.883434,42.0419561,"1646 RIVER STREET, DES PLAINES, ILLINOIS 60016"
928,-87.572093,41.602563,"1 CHESTNUT COURT, CALUMET, ILLINOIS 60409"
929,-95.222108,38.947287,"149 PINECONE DRIVE, LAWRENCE, KANSAS 66046"
930,-117.254021457672,33.9425801055837,"23380 HEMLOCK AVENUE, MORENO VALLEY, CALIFORNIA 92557"
931,-73.968934,40.7629623,"111 EAST 59 STREET, NEW YORK, NEW YORK 10022"
932,-72.531359,42.406324,"1040 NORTH PLEASANT STREET, AMHERST, MASSACHUSETTS 01002"
933,-117.0954315,33.1062099,"1575 TANGLEWOOD LANE, ESCONDIDO, CALIFORNIA 92029"
934,-71.832267,41.3643659,"25 CLARK STREET, WESTERLY, RHODE ISLAND 02891"
935,-71.5048365,42.7458345,"583 WEST HOLLIS STREET, NASHUA, NEW HAMPSHIRE 03062"
936,-121.6294014,37.1335968,"1295 EAST DUNNE AVENUE, MORGAN HILL, CALIFORNIA 95037"
937,-98.6857994,29.4474082,"8838 DUGAS ROAD, SAN ANTONIO, TEXAS 78251"
938,-71.434349,41.822467,"70 RIDGE STREET, PROVIDENCE, RHODE ISLAND 02909"
939,-122.680771,45.5137435,"515 SOUTHWEST CLAY STREET, PORTLAND, OREGON 97201"
940,-83.2154086,42.5447106,"100 TOWNSEND STREET, BIRMINGHAM, MICHIGAN 48009"
941,-99.1403334,30.0297165,"1350 BANDERA HIGHWAY, KERRVILLE, TEXAS 78028"
942,-122.3343625,47.6099983,"500 UNION STREET, SEATTLE, WASHINGTON 98101"
943,-70.9299899,41.6522862,"1959 PURCHASE STREET, NEW BEDFORD, MASSACHUSETTS 02740"
944,-122.035798,37.34195,"1575 TENAKA DRIVE, SUNNYVALE, CALIFORNIA 94087"
945,-73.952611,40.7802354,"1575 3 AVENUE, NEW YORK, NEW YORK 10128"
946,-87.6125806,41.5443831,"10 NUGENT STREET, GLENWOOD, ILLINOIS 60425"
947,-122.0491191,37.9264398,"1575 TREAT BOULEVARD, WALNUT CREEK, CALIFORNIA 94598"
948,-84.4511813730164,38.044616653503,"1575 WINCHESTER ROAD, LEXINGTON, KENTUCKY 40505"
949,-121.6350164,37.1121496,"15750 CONCORD CIRCLE, MORGAN HILL, CALIFORNIA 95037"
950,-80.2984693,25.9163561,"15750 NORTHWEST 59 AVENUE, MIAMI LAKES, FLORIDA 33014"
951,-80.4483105656067,25.6686867536848,"15750 SOUTHWEST 105 TERRACE, MIAMI, FLORIDA 33196"
952,-117.7201795,33.6342814,"15751 ROCKFIELD BOULEVARD, IRVINE, CALIFORNIA 92618"
953,-118.4753345,34.3086055,"15751 ROXFORD STREET, LOS ANGELES, CALIFORNIA 91342"
954,-81.9430994,26.5117425,"15751 SAN CARLOS BOULEVARD, FORT MYERS, FLORIDA 33908"
955,-75.1178595423279,40.1074721456841,"1575 THE FAIRWAY, JENKINTOWN, PENNSYLVANIA 19046"
956,-95.380582,29.7504724,"10 OAK COURT, HOUSTON, TEXAS 77006"
957,-78.96996,43.0951933,"1575 MILITARY ROAD, NIAGARA FALLS, NEW YORK 14304"
958,-117.9948173,33.9186745,"15753 IMPERIAL HIGHWAY, LA MIRADA, CALIFORNIA 90638"
959,-95.6479722,29.8798832,"15754 FM 529 RD, HOUSTON, TX 77095"
960,-80.2137767142944,25.9192374680786,"15754 NORTHWEST 7 AVENUE, MIAMI, FLORIDA 33169"
961,-104.8046755,39.7633497,"15755 EAST 32 AVENUE, AURORA, COLORADO 80011"
962,-84.540835,35.936464,"925 SUWANEE STREET, HARRIMAN, TENNESSEE 37748"
963,-81.3820586,28.5135352,"379 WEST MICHIGAN STREET, ORLANDO, FLORIDA 32806"
964,-122.3363653,47.6092758,"1411 4 AVENUE, SEATTLE, WASHINGTON 98101"
965,-121.3351313,38.5542087,"9700 GOETHE ROAD, SACRAMENTO, CALIFORNIA 95827"
966,-70.289949,43.678041,"880 FOREST AVENUE, PORTLAND, MAINE 04103"
967,-95.7129,37.0902,
968,-95.4265882,29.9953798,"15719 NORTH FREEWAY, HOUSTON, TEXAS 77090"
969,-118.3980106,34.0234762,"9808 VENICE BOULEVARD, LOS ANGELES, CALIFORNIA 90232"
970,-122.399915,37.7971519,"607 FRONT STREET, SAN FRANCISCO, CALIFORNIA 94111"
971,-93.214497,44.7707454,"7405 123 STREET WEST, APPLE VALLEY, MINNESOTA 55124"
972,-70.924975,42.527342,"18 WALNUT STREET, PEABODY, MASSACHUSETTS 01960"
973,-112.1334298,33.5368541,"6801 NORTH 35 AVENUE, PHOENIX, ARIZONA 85017"
974,-157.8209548,21.2910807,"2643 SOUTH KING STREET, HONOLULU, HAWAII 96826"
975,-156.6793939,20.8792022,"910 WAINEE STREET, LAHAINA, HAWAII 96761"
976,-76.159156,43.0554049,"500 PLUM STREET, SYRACUSE, NEW YORK 13204"
977,-70.6624839,41.943529,"128 SETTLER ROAD, PLYMOUTH, MASSACHUSETTS 02360"
978,-70.6864412,41.9523992,"1 ALGONQUIN TERRACE, PLYMOUTH, MASSACHUSETTS 02360"
979,-97.1164191,32.7231518,"711 LINDA VISTA AVENUE, ARLINGTON, TEXAS 76013"
980,-90.3294242,32.4358583,"552 SPRINGDALE ROAD, JACKSON, MISSISSIPPI 39209"
981,-96.6314459,41.2172958,"1229 NORTH HACKBERRY STREET, WAHOO, NEBRASKA 68066"
982,-97.7009719,30.27518,"1189 HARVEY LANE, AUSTIN, TEXAS 78702"
983,-72.826714,41.539901,"154 STODDARD DRIVE, MERIDEN, CONNECTICUT 06451"
984,-96.123238,41.2380233,"13407 MONTCLAIR DRIVE, OMAHA, NEBRASKA 68144"
985,-72.0594131,41.545087,"24 SANDY LANE, NORWICH, CONNECTICUT 06360"
986,-95.9002345037048,41.0076542868965,"1712 4 AVENUE, PLATTSMOUTH, NEBRASKA 68048"
987,-96.4734083,41.4524105,"2469 BUCKINGHAM ROAD, FREMONT, NEBRASKA 68025"
988,-120.937021,37.593545,"3100 EAST WHITMORE AVENUE, CERES, CALIFORNIA 95307"
989,-72.783415,41.550102,"300 BRITANNIA STREET, MERIDEN, CONNECTICUT 06450"
990,-75.536875,39.753571,"2412 MARKET STREET, WILMINGTON, DELAWARE 19802"
991,-73.2507166,42.3060256,"46 RAILROAD STREET, LEE, MASSACHUSETTS 01238"
992,-118.2930892,33.8883751,"1030 MAGNOLIA AVENUE, GARDENA, CALIFORNIA 90247"
993,-120.1669334,39.327195,"10100 ESTATES DRIVE, TRUCKEE, CALIFORNIA 96161"
994,-117.9554518,34.0182531,"15757 VALLEY BOULEVARD, INDUSTRY, OF 91744"
995,-74.2940818,40.7676085,"750 NORTHFIELD AVENUE, WEST ORANGE, NEW JERSEY 07052"
996,-97.533074,35.376534,"1002 SOUTHWEST 89 STREET, OKLAHOMA, OKLAHOMA 73139"
997,-81.285415,35.728929,"2415 CENTURY PLACE SOUTHEAST, HICKORY, NORTH CAROLINA 28602"
998,-77.9280212,34.205545,"2 CYPRESS GROVE, WILMINGTON, NORTH CAROLINA 28401"
999,-78.907717,35.9996,"710 WEST MAIN STREET, DURHAM, NORTH CAROLINA 27701"
1000,-78.5854294,35.8562632,"3301 SPRING FOREST ROAD, RALEIGH, NORTH CAROLINA 27616"
